{
    "d0": [
        "3486878",
        "3487962",
        "3486878",
        "3487962"
    ],
    "d1": [
        "3487093",
        "3487093",
        "3487799",
        "3487799",
        "3487890",
        "3487890"
    ],
    "d4": [
        "3487246",
        "3487246",
        "34873681",
        "3487987",
        "34873681",
        "3487987"
    ],
    "d3": [
        "34873680",
        "34873680",
        "3487931",
        "3487931"
    ],
    "d2": [
        "34879591",
        "34879591",
        "34879590",
        "34879590"
    ]
}