{
    "d1": [
        "3445613",
        "3446124",
        "3445613",
        "3446124",
        "3446393",
        "3446393"
    ],
    "d2": [
        "3445647",
        "3445647",
        "3446492",
        "3446492"
    ],
    "d3": [
        "3445935",
        "3446098",
        "3445935",
        "3446098",
        "34468810",
        "34468810"
    ],
    "d4": [
        "3446140",
        "3446140",
        "3446562",
        "3446562"
    ],
    "d0": [
        "34468811",
        "34468811"
    ]
}