{
    "d3": [
        "3488136",
        "3488136",
        "3489102",
        "3489102"
    ],
    "d4": [
        "3488272",
        "3488272",
        "34891181",
        "34891181"
    ],
    "d0": [
        "3488435",
        "3488435",
        "3488682",
        "3488682",
        "3488938",
        "3488938"
    ],
    "d2": [
        "3488614",
        "3488614",
        "34891180",
        "34891180"
    ],
    "d1": [
        "3488625",
        "3488833",
        "3488625",
        "3488833"
    ]
}