{
    "d2": [
        "3496009",
        "3496009",
        "3496483",
        "3497005",
        "3496483",
        "3497005"
    ],
    "d0": [
        "3496054",
        "3496054",
        "3496276",
        "3496901",
        "3496276",
        "3496901"
    ],
    "d3": [
        "3496372",
        "3496340",
        "3496372",
        "3496340"
    ],
    "d4": [
        "34964280",
        "34964280",
        "3496854",
        "3496854"
    ],
    "d1": [
        "34964281",
        "34964281"
    ]
}