{
    "d3": [
        "3493209",
        "3493209",
        "3494282",
        "3494282",
        "34943821",
        "34943821"
    ],
    "d2": [
        "3493562",
        "3493562",
        "3494316",
        "3494316"
    ],
    "d0": [
        "3493735",
        "3493735",
        "34943820",
        "34943820"
    ],
    "d1": [
        "3493739",
        "3493739",
        "3493805",
        "3493805",
        "3493983",
        "3493983"
    ],
    "d4": [
        "34939701",
        "34939701",
        "34939700",
        "34939700"
    ]
}