{
    "d0": [
        "3686141",
        "3686141",
        "36869860",
        "36869860"
    ],
    "d2": [
        "3686209",
        "3687043",
        "3686209",
        "3687043",
        "3687199",
        "3687199"
    ],
    "d4": [
        "3686673",
        "3686673",
        "3686554",
        "3687289",
        "3687289",
        "3686554"
    ],
    "d1": [
        "3686637",
        "36869861",
        "3686637",
        "36869861"
    ],
    "d3": [
        "3686760",
        "3686760"
    ]
}