{
    "d2": [
        "3605551",
        "3605618",
        "3605551",
        "3605618",
        "3606538",
        "3606538"
    ],
    "d0": [
        "3606001",
        "3606001",
        "36067631",
        "36067631",
        "36067630",
        "36067630"
    ],
    "d4": [
        "3606574",
        "3606142",
        "3606574",
        "3606142"
    ],
    "d1": [
        "3606305",
        "3606305"
    ],
    "d3": [
        "3606492",
        "3606492",
        "3606550",
        "3606550"
    ]
}