{
    "d2": [
        "3417857",
        "3417857"
    ],
    "d0": [
        "34179640",
        "34179640",
        "3418291",
        "3418291"
    ],
    "d4": [
        "34179641",
        "34179641",
        "3418494",
        "3418310",
        "3418494",
        "3418707",
        "3418310",
        "3418707"
    ],
    "d3": [
        "3418031",
        "3418031",
        "3418689",
        "3418689"
    ],
    "d1": [
        "3418455",
        "3418242",
        "3418455",
        "3418242"
    ]
}