{
    "d4": [
        "3590423",
        "3590423",
        "3591233",
        "3590604",
        "3591233",
        "3590604"
    ],
    "d0": [
        "3590527",
        "3590527",
        "35907121",
        "35907121",
        "3591029",
        "3591029"
    ],
    "d1": [
        "35907120",
        "35907120",
        "3591597",
        "3591597"
    ],
    "d3": [
        "3591240",
        "3590847",
        "3591240",
        "3590847"
    ],
    "d2": [
        "3591402",
        "3591402"
    ]
}