{
    "d1": [
        "3569911",
        "3569911",
        "3570438",
        "3570438",
        "35703370",
        "35703370"
    ],
    "d4": [
        "3570820",
        "35703371",
        "3570820",
        "35703371",
        "3570879",
        "3570879"
    ],
    "d0": [
        "3570341",
        "3570710",
        "3570710",
        "3570341"
    ],
    "d2": [
        "3570899",
        "35711501",
        "3570899",
        "35711501"
    ],
    "d3": [
        "3571033",
        "3571033",
        "35711500",
        "35711500"
    ]
}