{
    "d0": [
        "36601720",
        "36601720",
        "36610431",
        "36610431"
    ],
    "d2": [
        "36601721",
        "36601721",
        "3661058",
        "3661058",
        "3661326",
        "3661326"
    ],
    "d3": [
        "3660263",
        "3660388",
        "3660388",
        "3660263",
        "3661267",
        "3661267"
    ],
    "d4": [
        "3660301",
        "3660301",
        "3661076",
        "3661076"
    ],
    "d1": [
        "3660566",
        "3660566",
        "36610430",
        "36610430"
    ]
}