{
    "d4": [
        "3481872",
        "34827671",
        "3481872",
        "3482529",
        "34827671",
        "3482529",
        "3482830",
        "3482830"
    ],
    "d0": [
        "3482012",
        "3482012",
        "34826110",
        "34826110"
    ],
    "d1": [
        "3482589",
        "3482589",
        "3482785",
        "3482785"
    ],
    "d2": [
        "34826111",
        "3482891",
        "34826111",
        "3482891"
    ],
    "d3": [
        "34827670",
        "34827670",
        "3482956",
        "3482956"
    ]
}