{
    "d2": [
        "3407955",
        "3407955",
        "3408449",
        "3408001",
        "3408001",
        "3408449"
    ],
    "d0": [
        "3408062",
        "3408290",
        "3408290",
        "3408250",
        "3408062",
        "3408250"
    ],
    "d3": [
        "3408190",
        "3408190",
        "34085941",
        "34085941"
    ],
    "d4": [
        "3408491",
        "3408491",
        "3408312",
        "3408312"
    ],
    "d1": [
        "34085940",
        "34085940"
    ]
}