{
    "d2": [
        "3618506",
        "3619133",
        "3619133",
        "3618506",
        "3618335",
        "3618335",
        "3619599",
        "3619599"
    ],
    "d1": [
        "3618337",
        "3618337",
        "3619192",
        "3619192"
    ],
    "d4": [
        "36186780",
        "36186780"
    ],
    "d0": [
        "36186781",
        "36186781",
        "3619516",
        "3619516"
    ],
    "d3": [
        "3618832",
        "3618832",
        "3619282",
        "3619282"
    ]
}