{
    "d4": [
        "3490496",
        "3490496",
        "3490960",
        "3490960",
        "3491299",
        "3491136",
        "3491299",
        "3491136"
    ],
    "d0": [
        "34906750",
        "34906750",
        "3490893",
        "3490893"
    ],
    "d2": [
        "34906751",
        "34906751",
        "3490685",
        "3490685",
        "3491068",
        "3491068"
    ],
    "d3": [
        "3491084",
        "3491084"
    ],
    "d1": [
        "3491091",
        "3491091"
    ]
}