{
    "d2": [
        "3655336",
        "3655336",
        "3656158",
        "3655471",
        "3656158",
        "3655471"
    ],
    "d0": [
        "36562651",
        "3655337",
        "36562651",
        "3656732",
        "3655337",
        "3656732"
    ],
    "d4": [
        "3655532",
        "3655532",
        "3655736",
        "3655736"
    ],
    "d3": [
        "3656061",
        "3656061",
        "36562650",
        "36562650"
    ],
    "d1": [
        "3656206",
        "3656206"
    ]
}