{
    "d3": [
        "3637295",
        "3638111",
        "3637295",
        "3638111"
    ],
    "d2": [
        "3638047",
        "3637710",
        "3637710",
        "3638047",
        "36384241",
        "3638483",
        "36384241",
        "3638483"
    ],
    "d0": [
        "36378910",
        "36378910",
        "36380651",
        "36380651",
        "36380650",
        "36380650"
    ],
    "d1": [
        "36378911",
        "36378911",
        "3638158",
        "3638158",
        "36384240",
        "36384240"
    ],
    "d4": [
        "3637979",
        "3637979"
    ]
}