{
    "d4": [
        "3594914",
        "3594914",
        "3595307",
        "3595307",
        "3594994",
        "3594994"
    ],
    "d0": [
        "3595046",
        "35957851",
        "35957851",
        "3595046"
    ],
    "d2": [
        "35956050",
        "35956050",
        "3596470",
        "3596470"
    ],
    "d3": [
        "35956051",
        "3595784",
        "35956051",
        "3595784",
        "3596262",
        "3596262"
    ],
    "d1": [
        "35957850",
        "35957850",
        "3595967",
        "3595967"
    ]
}