{
    "d3": [
        "3555725",
        "3555725",
        "3556297",
        "3556297",
        "35568250",
        "35568250",
        "3556965",
        "3556965"
    ],
    "d0": [
        "3556569",
        "3556569",
        "3556938",
        "3556938"
    ],
    "d1": [
        "35568251",
        "35568251",
        "3556887",
        "3556887"
    ],
    "d4": [
        "3556836",
        "3556836",
        "3556843",
        "3556843"
    ],
    "d2": [
        "3556968",
        "3556968"
    ]
}