{
    "d0": [
        "35666771",
        "3566419",
        "35666771",
        "3566907",
        "3566419",
        "3566907",
        "35668160",
        "35668160"
    ],
    "d3": [
        "3566544",
        "3566544",
        "3567033",
        "3567033",
        "3567097",
        "3567097"
    ],
    "d2": [
        "35666770",
        "35666770",
        "35668161",
        "35668161"
    ],
    "d4": [
        "3566771",
        "3566771"
    ],
    "d1": [
        "3567084",
        "3566785",
        "3567084",
        "3566785"
    ]
}