{
    "d2": [
        "3427814",
        "3427814",
        "3427957",
        "3427957",
        "3428857",
        "3428879",
        "3428857",
        "3428879",
        "3428974",
        "3428974"
    ],
    "d3": [
        "3427999",
        "3427999"
    ],
    "d4": [
        "3428354",
        "3428354"
    ],
    "d0": [
        "3428694",
        "3428694",
        "3428822",
        "3428822",
        "34289510",
        "34289510"
    ],
    "d1": [
        "34289511",
        "34289511"
    ]
}