{
    "d2": [
        "3406676",
        "3406676",
        "34073060",
        "34073060",
        "34073061",
        "34073061"
    ],
    "d4": [
        "3406725",
        "3406725",
        "34073470",
        "34073470"
    ],
    "d3": [
        "3406898",
        "3406898",
        "3407338",
        "3407338",
        "3407367",
        "3407367"
    ],
    "d0": [
        "3406931",
        "3406998",
        "3406998",
        "3406931"
    ],
    "d1": [
        "34073471",
        "34073471"
    ]
}