{
    "d1": [
        "3671810",
        "3671810",
        "36723360",
        "36723360",
        "3672439",
        "3672439"
    ],
    "d3": [
        "3671989",
        "3672330",
        "3672330",
        "3671989"
    ],
    "d0": [
        "3672188",
        "3672559",
        "3672559",
        "3672188"
    ],
    "d4": [
        "36723361",
        "36723361",
        "36723611",
        "36723611",
        "36723610",
        "36723610"
    ],
    "d2": [
        "3672423",
        "3672423",
        "3672552",
        "3672552"
    ]
}