{
    "d1": [
        "3589703",
        "3590012",
        "3589703",
        "3590012",
        "3589841",
        "3589841",
        "35911651",
        "35911651",
        "35911650",
        "35911650"
    ],
    "d3": [
        "35898320",
        "35898320",
        "3590901",
        "3590901"
    ],
    "d0": [
        "35898321",
        "35898321",
        "3590665",
        "3590757",
        "3590665",
        "3590757"
    ],
    "d4": [
        "3590394",
        "3590394"
    ],
    "d2": [
        "3591247",
        "3591247"
    ]
}