{
    "d3": [
        "36033970",
        "36033970",
        "36043401",
        "36043401"
    ],
    "d1": [
        "36033971",
        "3603430",
        "36033971",
        "3603710",
        "3603430",
        "3603710",
        "3604437",
        "3604437"
    ],
    "d0": [
        "3603693",
        "3603693",
        "3603913",
        "3603913"
    ],
    "d4": [
        "3603905",
        "3603905",
        "36043400",
        "36043400"
    ],
    "d2": [
        "3604154",
        "3604126",
        "3604154",
        "3604126"
    ]
}