{
    "d1": [
        "3481268",
        "3482296",
        "3482296",
        "3481268"
    ],
    "d4": [
        "34812740",
        "34812740",
        "3481817",
        "3481817"
    ],
    "d3": [
        "34812741",
        "34812741",
        "3481859",
        "3481859"
    ],
    "d0": [
        "3481479",
        "3481479",
        "3482283",
        "3481608",
        "3482283",
        "3481608"
    ],
    "d2": [
        "3481586",
        "3481701",
        "3481586",
        "3481701"
    ]
}