{
    "d2": [
        "3527670",
        "3527705",
        "3527670",
        "3528140",
        "3527705",
        "3528140"
    ],
    "d3": [
        "3527768",
        "3527768",
        "35280711",
        "35280711",
        "3529073",
        "3529073"
    ],
    "d0": [
        "3527822",
        "3527822",
        "3528079",
        "3528079"
    ],
    "d1": [
        "3527830",
        "3527830",
        "3528274",
        "3528274"
    ],
    "d4": [
        "35280710",
        "35280710"
    ]
}