{
    "d1": [
        "3594072",
        "3594072",
        "35942900",
        "35942900",
        "35946830",
        "35946830",
        "3595161",
        "3595161"
    ],
    "d4": [
        "35942901",
        "35942901",
        "35946831",
        "35946831",
        "35947931",
        "35947931"
    ],
    "d0": [
        "3594297",
        "3594297",
        "3594632",
        "3594632"
    ],
    "d2": [
        "3594402",
        "3594402",
        "3594597",
        "3594597",
        "35947930",
        "35947930"
    ],
    "d3": [
        "3594709",
        "3594709"
    ]
}