{
    "d3": [
        "3646905",
        "3646905",
        "3648137",
        "3648137"
    ],
    "d0": [
        "36469820",
        "36469820",
        "3647509",
        "3648093",
        "3647509",
        "3648093",
        "36482721",
        "36482721"
    ],
    "d1": [
        "36469821",
        "3648115",
        "36469821",
        "3647036",
        "3648115",
        "3647036",
        "36482720",
        "36482720"
    ],
    "d2": [
        "36481180",
        "36481180"
    ],
    "d4": [
        "36481181",
        "36481181",
        "3648220",
        "3648220"
    ]
}