{
    "d0": [
        "3556045",
        "3556407",
        "3556045",
        "3556407"
    ],
    "d4": [
        "3556115",
        "3556115",
        "3556515",
        "3556515"
    ],
    "d1": [
        "3556202",
        "3556202",
        "35567081",
        "35567081",
        "35569040",
        "35569040"
    ],
    "d3": [
        "3556259",
        "3556682",
        "3556259",
        "3556682"
    ],
    "d2": [
        "3556322",
        "3556322",
        "35569041",
        "35569041",
        "35567080",
        "35567080"
    ]
}