{
    "d4": [
        "3466367",
        "3466367",
        "3466962",
        "3466962",
        "3467238",
        "3467238"
    ],
    "d1": [
        "3466629",
        "3466629",
        "34671681",
        "34671681",
        "34669400",
        "34669400"
    ],
    "d3": [
        "3466702",
        "3467250",
        "3466702",
        "3467250"
    ],
    "d2": [
        "34669401",
        "34669401",
        "3467119",
        "3467119",
        "3467086",
        "3467086"
    ],
    "d0": [
        "34671680",
        "34671680"
    ]
}