{
    "d4": [
        "3632189",
        "3632189"
    ],
    "d3": [
        "3632250",
        "3632250",
        "3632543",
        "3632543",
        "36323281",
        "36323281",
        "3633375",
        "3633375"
    ],
    "d0": [
        "36327291",
        "36327291",
        "36327290",
        "36327290",
        "3632310",
        "3632310"
    ],
    "d1": [
        "3633262",
        "3633262",
        "36323280",
        "36323280"
    ],
    "d2": [
        "3632355",
        "3632355",
        "3633191",
        "3633191"
    ]
}