{
    "d4": [
        "3645361",
        "36458901",
        "3645361",
        "3645821",
        "36458901",
        "3645821",
        "3646710",
        "3646710"
    ],
    "d0": [
        "3645373",
        "3645373",
        "36458900",
        "36458900"
    ],
    "d3": [
        "3645900",
        "3645900",
        "3646608",
        "3646608",
        "3645477",
        "3645477"
    ],
    "d1": [
        "3646036",
        "3646036"
    ],
    "d2": [
        "3646474",
        "3646474"
    ]
}