{
    "d3": [
        "3458160",
        "3458160",
        "3458797",
        "3458797"
    ],
    "d0": [
        "3458322",
        "3458322",
        "3458517",
        "3458517",
        "3458480",
        "3458480"
    ],
    "d1": [
        "3458492",
        "3458492",
        "3458733",
        "34586181",
        "34586181",
        "3458733"
    ],
    "d2": [
        "34586180",
        "34586180",
        "3459002",
        "3459002"
    ],
    "d4": [
        "3458656",
        "3458656"
    ]
}