{
    "d2": [
        "3386006",
        "3386398",
        "3386006",
        "3386398"
    ],
    "d1": [
        "3386059",
        "3386059",
        "3386235",
        "3386256",
        "3386235",
        "3386256"
    ],
    "d0": [
        "33860640",
        "33860640"
    ],
    "d4": [
        "33860641",
        "33860641",
        "3386506",
        "3386476",
        "3386476",
        "3386506"
    ],
    "d3": [
        "3386092",
        "3386092",
        "3386577",
        "3386577"
    ]
}