{
    "d4": [
        "35768050",
        "35768050",
        "35773351",
        "35773351",
        "3577393",
        "3577393"
    ],
    "d1": [
        "35768051",
        "35768051",
        "3577160",
        "3577160"
    ],
    "d0": [
        "35769911",
        "35769911",
        "35769910",
        "35769910",
        "3577459",
        "3577459",
        "3577589",
        "3577589"
    ],
    "d2": [
        "35773350",
        "35773350",
        "3577967",
        "3577967"
    ],
    "d3": [
        "3577617",
        "3577548",
        "3577617",
        "3577548"
    ]
}