{
    "d2": [
        "3492117",
        "3492599",
        "3492599",
        "3492117"
    ],
    "d3": [
        "3492248",
        "3492248",
        "34932490",
        "34932490"
    ],
    "d1": [
        "3492620",
        "3492620",
        "3492937",
        "3492937"
    ],
    "d4": [
        "3492671",
        "3492671",
        "3493038",
        "3492886",
        "3492886",
        "3493038"
    ],
    "d0": [
        "34932491",
        "3492807",
        "34932491",
        "3492807"
    ]
}