{
    "d0": [
        "35983660",
        "35983660",
        "35990140",
        "35990140",
        "35997330",
        "35997330"
    ],
    "d3": [
        "35983661",
        "35983661",
        "3598867",
        "3598867",
        "3600027",
        "3600027"
    ],
    "d4": [
        "3598499",
        "3598499",
        "35990141",
        "35990141",
        "3600048",
        "3600048"
    ],
    "d2": [
        "3598642",
        "3598642",
        "3599442",
        "3599442",
        "35997331",
        "35997331"
    ],
    "d1": [
        "3599303",
        "3599303"
    ]
}