{
    "d4": [
        "3631292",
        "3631292",
        "36321841",
        "3631697",
        "3631697",
        "36321841"
    ],
    "d0": [
        "3631309",
        "3631309",
        "36317441",
        "36317441",
        "36317511",
        "36317511",
        "36321840",
        "36321840"
    ],
    "d1": [
        "3631649",
        "3631649",
        "3631969",
        "3631969",
        "3632162",
        "3632162"
    ],
    "d2": [
        "36317440",
        "36317440",
        "36317510",
        "36317510"
    ],
    "d3": [
        "3631878",
        "3631878"
    ]
}