{
    "d4": [
        "3608755",
        "3608755",
        "36079750",
        "36079750"
    ],
    "d1": [
        "36079751",
        "36079751",
        "3608680",
        "3608530",
        "3608680",
        "3608530"
    ],
    "d2": [
        "3608410",
        "3608410",
        "3608923",
        "3608923",
        "36090821",
        "36090821"
    ],
    "d0": [
        "3608469",
        "3608469",
        "3608479",
        "3608479",
        "3609064",
        "3609064"
    ],
    "d3": [
        "36090820",
        "36090820"
    ]
}