{
    "d4": [
        "34642350",
        "34642350",
        "3464984",
        "3465360",
        "3464984",
        "3465360"
    ],
    "d2": [
        "34642351",
        "34642351",
        "3464506",
        "3464506"
    ],
    "d1": [
        "34644600",
        "34644600",
        "3465299",
        "3465299"
    ],
    "d3": [
        "34644601",
        "3464848",
        "3464848",
        "34644601",
        "3465270",
        "3465270"
    ],
    "d0": [
        "3465018",
        "3465018",
        "3465069",
        "3465069"
    ]
}