{
    "d4": [
        "3457772",
        "3457148",
        "3457772",
        "3458178",
        "3457148",
        "3458178"
    ],
    "d2": [
        "3457279",
        "3457279",
        "3457962",
        "3457962"
    ],
    "d1": [
        "34572971",
        "34572971",
        "34572970",
        "34572970",
        "3457609",
        "3457609",
        "3458307",
        "3458307"
    ],
    "d0": [
        "34576640",
        "34576640"
    ],
    "d3": [
        "34576641",
        "34576641",
        "3458243",
        "3458243"
    ]
}