{
    "d4": [
        "3608721",
        "36097601",
        "3608721",
        "3609794",
        "36097601",
        "3609794"
    ],
    "d0": [
        "36087880",
        "36087880",
        "36097600",
        "36097600",
        "3610056",
        "3610056"
    ],
    "d1": [
        "36087881",
        "36087881",
        "3609653",
        "3609653"
    ],
    "d2": [
        "3609012",
        "3609012",
        "3610022",
        "3610022"
    ],
    "d3": [
        "3609112",
        "3609195",
        "3609112",
        "3609195"
    ]
}