{
    "d1": [
        "3406230",
        "3406230",
        "3406604",
        "34066521",
        "3406604",
        "34066521"
    ],
    "d0": [
        "3406257",
        "3406257",
        "3406404",
        "3406404"
    ],
    "d3": [
        "3406289",
        "3406289",
        "3406449",
        "3406449"
    ],
    "d4": [
        "34063460",
        "34063460",
        "3406406",
        "3406406"
    ],
    "d2": [
        "34063461",
        "34063461",
        "3406438",
        "3406438",
        "34066520",
        "34066520"
    ]
}