{
    "d2": [
        "3536381",
        "3536381",
        "3536920",
        "3536975",
        "3536920",
        "3536975"
    ],
    "d4": [
        "3536497",
        "3536497",
        "3537552",
        "3537552"
    ],
    "d0": [
        "3536713",
        "35369091",
        "3536713",
        "35369091",
        "3537107",
        "3537107"
    ],
    "d1": [
        "35369090",
        "35369090",
        "3537639",
        "3537639"
    ],
    "d3": [
        "3537327",
        "3537327"
    ]
}