{
    "d2": [
        "3674026",
        "3674026",
        "3675131",
        "3674532",
        "3674532",
        "3675131",
        "3675456",
        "3675456"
    ],
    "d3": [
        "3674783",
        "3674783",
        "36754150",
        "36754150"
    ],
    "d4": [
        "36751021",
        "36751021",
        "3674979",
        "3674979"
    ],
    "d1": [
        "3675026",
        "3675026",
        "36754151",
        "3675467",
        "3675467",
        "36754151"
    ],
    "d0": [
        "36751020",
        "36751020"
    ]
}