{
    "d4": [
        "3561521",
        "3561158",
        "3561521",
        "3561158"
    ],
    "d3": [
        "35614461",
        "35614461",
        "3561419",
        "3561419"
    ],
    "d1": [
        "35614460",
        "35614460",
        "3561560",
        "3561560",
        "3561461",
        "3561461"
    ],
    "d2": [
        "3561925",
        "3561898",
        "3561898",
        "3561925"
    ],
    "d0": [
        "3561930",
        "3562021",
        "3561930",
        "3562021"
    ]
}