{
    "d1": [
        "34325370",
        "34325370",
        "3433459",
        "3433459"
    ],
    "d0": [
        "34325371",
        "34325371",
        "3433697",
        "3433697",
        "34336070",
        "34336070"
    ],
    "d3": [
        "3432790",
        "3432790",
        "34336071",
        "34336071",
        "3433650",
        "3433650"
    ],
    "d2": [
        "3433501",
        "3433177",
        "3433177",
        "3433501"
    ],
    "d4": [
        "3433201",
        "3433201",
        "3433615",
        "3433615"
    ]
}