{
    "d4": [
        "3470900",
        "34709721",
        "3470900",
        "34709721",
        "3471174",
        "3471174",
        "3471441",
        "3471441"
    ],
    "d0": [
        "34709720",
        "34709720"
    ],
    "d3": [
        "3471111",
        "3471111",
        "34716931",
        "34716931",
        "34716930",
        "34716930"
    ],
    "d1": [
        "3471155",
        "3471155",
        "3471697",
        "3471697",
        "3471759",
        "3471759"
    ],
    "d2": [
        "3471592",
        "3471592"
    ]
}