{
    "d4": [
        "3665110",
        "3665557",
        "3665110",
        "3665557"
    ],
    "d1": [
        "36653550",
        "36653550",
        "36656651",
        "36656651"
    ],
    "d3": [
        "36653551",
        "36653551",
        "36656650",
        "36656650",
        "36655091",
        "36655091",
        "3666208",
        "3666208"
    ],
    "d2": [
        "36655090",
        "36655090",
        "3665856",
        "3665856",
        "3666252",
        "3666252"
    ],
    "d0": [
        "3665739",
        "3666218",
        "3665739",
        "3666218"
    ]
}