{
    "d0": [
        "3568368",
        "3568368",
        "35691261",
        "3569536",
        "35691261",
        "3569536"
    ],
    "d3": [
        "3568462",
        "3569219",
        "3569413",
        "3569219",
        "3568462",
        "3569413"
    ],
    "d2": [
        "3568676",
        "3568676",
        "3569073",
        "3569592",
        "3569073",
        "3569592"
    ],
    "d4": [
        "35691260",
        "35691260"
    ],
    "d1": [
        "3569414",
        "3569414"
    ]
}