{
    "d2": [
        "3666679",
        "3667522",
        "3666679",
        "3667522"
    ],
    "d0": [
        "36667620",
        "36667620",
        "3667648",
        "3667646",
        "3667648",
        "3667646"
    ],
    "d1": [
        "36667621",
        "3667412",
        "36667621",
        "3667412",
        "3667734",
        "3667734"
    ],
    "d3": [
        "36667830",
        "36667830",
        "3666980",
        "3666980"
    ],
    "d4": [
        "36667831",
        "36667831",
        "36668340",
        "36668340",
        "36668341",
        "36668341"
    ]
}