{
    "d1": [
        "36439970",
        "36439970",
        "3644446",
        "3644446",
        "3644849",
        "3644849"
    ],
    "d3": [
        "36439971",
        "36439971",
        "3644053",
        "3644053"
    ],
    "d4": [
        "3644033",
        "3644033",
        "3644502",
        "3644502"
    ],
    "d2": [
        "3644292",
        "3644566",
        "3644292",
        "3644566"
    ],
    "d0": [
        "3644436",
        "3644436",
        "3644616",
        "3644616"
    ]
}