{
    "d2": [
        "3478496",
        "3478496",
        "34787541",
        "34787541",
        "34787540",
        "34787540",
        "3478798",
        "3478798"
    ],
    "d1": [
        "3478503",
        "3478503",
        "3479263",
        "3479263"
    ],
    "d4": [
        "3478531",
        "3478531"
    ],
    "d0": [
        "3478682",
        "3478682",
        "3478917",
        "34792831",
        "3478917",
        "34792831"
    ],
    "d3": [
        "34787321",
        "34787321",
        "34787320",
        "34787320",
        "34792830",
        "34792830"
    ]
}