{
    "d4": [
        "3524986",
        "3525478",
        "3524986",
        "3525478",
        "3526117",
        "3526117"
    ],
    "d0": [
        "3525140",
        "3525489",
        "3525489",
        "3525140",
        "35259430",
        "35259430"
    ],
    "d2": [
        "3525438",
        "3525438",
        "35259431",
        "35259431"
    ],
    "d1": [
        "3525745",
        "3525745",
        "3526046",
        "3526046"
    ],
    "d3": [
        "3526119",
        "3526119"
    ]
}