{
    "d4": [
        "3386657",
        "3386939",
        "3386657",
        "3386939"
    ],
    "d2": [
        "33866730",
        "33866730",
        "3387095",
        "3387095"
    ],
    "d0": [
        "33866731",
        "3386847",
        "3386847",
        "33866731",
        "33871471",
        "33871471"
    ],
    "d1": [
        "3386840",
        "3386840",
        "33871470",
        "33871470",
        "3387157",
        "3387157"
    ],
    "d3": [
        "3387001",
        "3387001",
        "3387174",
        "3387174"
    ]
}