{
    "d0": [
        "3411503",
        "3411503",
        "34120371",
        "3412041",
        "34120371",
        "3412041"
    ],
    "d4": [
        "3411668",
        "3411788",
        "3411668",
        "3411957",
        "3411788",
        "3411957",
        "3412329",
        "3412329"
    ],
    "d1": [
        "3412379",
        "3411932",
        "3412379",
        "3411932"
    ],
    "d3": [
        "34120370",
        "34120370"
    ],
    "d2": [
        "3412257",
        "3412257"
    ]
}