{
    "d0": [
        "3534390",
        "3534390",
        "3535212",
        "3534475",
        "3534475",
        "3535212",
        "3535613",
        "3535613"
    ],
    "d3": [
        "3534618",
        "3534618",
        "3535100",
        "3535100"
    ],
    "d4": [
        "3534776",
        "3534776",
        "35352610",
        "35352610",
        "35352611",
        "35352611"
    ],
    "d1": [
        "3534990",
        "3534990"
    ],
    "d2": [
        "3535483",
        "3535483"
    ]
}