{
    "d0": [
        "3562498",
        "3562600",
        "3562498",
        "3562600",
        "35632371",
        "35632371",
        "3563560",
        "3563560"
    ],
    "d3": [
        "3563218",
        "3563218",
        "35627290",
        "35627290"
    ],
    "d2": [
        "3563512",
        "35627291",
        "3563512",
        "35627291"
    ],
    "d1": [
        "3562745",
        "3562745",
        "35632370",
        "35632370",
        "3563742",
        "3563742"
    ],
    "d4": [
        "3563569",
        "3563569"
    ]
}