{
    "d2": [
        "3409084",
        "3409341",
        "3409084",
        "3409767",
        "3409341",
        "3409767",
        "34096940",
        "34096940"
    ],
    "d4": [
        "3409202",
        "3409202",
        "34093671",
        "34093671"
    ],
    "d1": [
        "3409245",
        "3409245",
        "3409392",
        "3409392",
        "34096941",
        "34096941"
    ],
    "d3": [
        "34093670",
        "34093670"
    ],
    "d0": [
        "3409544",
        "3409571",
        "3409571",
        "3409544"
    ]
}