{
    "d4": [
        "3671799",
        "3671799",
        "3672389",
        "3672389",
        "36730190",
        "36730190"
    ],
    "d1": [
        "3671842",
        "3671842",
        "3672842",
        "3672842"
    ],
    "d0": [
        "3672153",
        "3672153"
    ],
    "d3": [
        "3672286",
        "3672286",
        "3672878",
        "3672878",
        "3673032",
        "3673032"
    ],
    "d2": [
        "3672775",
        "3672775",
        "36730191",
        "36730191"
    ]
}