{
    "d0": [
        "3523065",
        "3523332",
        "3523065",
        "3523332",
        "3524072",
        "3524072"
    ],
    "d3": [
        "3523173",
        "3523173",
        "35236430",
        "35236430"
    ],
    "d4": [
        "3523239",
        "3523239",
        "35236431",
        "35236431"
    ],
    "d1": [
        "3523250",
        "3523860",
        "3523250",
        "3523860",
        "3524130",
        "3524130"
    ],
    "d2": [
        "3523985",
        "3523985"
    ]
}