{
    "d1": [
        "3568812",
        "35692971",
        "3568812",
        "35692971",
        "3569406",
        "3569406"
    ],
    "d0": [
        "3568975",
        "3568975",
        "3569441",
        "3569441",
        "3569463",
        "3569463"
    ],
    "d2": [
        "35689870",
        "35689870",
        "3569654",
        "3569654"
    ],
    "d4": [
        "35689871",
        "35689871",
        "3569655",
        "3569655",
        "35692970",
        "35692970"
    ],
    "d3": [
        "3569421",
        "3569421"
    ]
}