{
    "d0": [
        "36151780",
        "36151780",
        "36152440",
        "36152440",
        "3615270",
        "3615270"
    ],
    "d1": [
        "36151781",
        "36151781",
        "3615307",
        "3615307",
        "36157260",
        "36157260",
        "3616865",
        "3615970",
        "3616865",
        "3615970"
    ],
    "d4": [
        "36152441",
        "36152441",
        "36165950",
        "36165950"
    ],
    "d3": [
        "36157261",
        "3616367",
        "36157261",
        "3616396",
        "3616367",
        "3616396"
    ],
    "d2": [
        "36165951",
        "36165951"
    ]
}