{
    "d2": [
        "3579593",
        "3579593",
        "3579818",
        "3579818",
        "35804691",
        "35804691"
    ],
    "d4": [
        "35797960",
        "35797960",
        "35797961",
        "35797961",
        "35804690",
        "35804690",
        "3580995",
        "3580638",
        "3580995",
        "3580638"
    ],
    "d3": [
        "3580720",
        "3580049",
        "3580720",
        "3580049"
    ],
    "d0": [
        "3580779",
        "3580779"
    ],
    "d1": [
        "3580964",
        "3580964"
    ]
}