{
    "d3": [
        "3417111",
        "3417111",
        "3417702",
        "3417702"
    ],
    "d4": [
        "3417359",
        "3417359",
        "3418045",
        "3418045"
    ],
    "d2": [
        "34174610",
        "34174610",
        "3417508",
        "3417611",
        "3417611",
        "3417508"
    ],
    "d1": [
        "34174611",
        "34174611",
        "3417672",
        "3417672"
    ],
    "d0": [
        "3417483",
        "3417483",
        "3417996",
        "3417996"
    ]
}