{
    "d0": [
        "3579816",
        "3579816",
        "35799930",
        "35799930"
    ],
    "d2": [
        "35799931",
        "35799931",
        "3580055",
        "3580455",
        "3580055",
        "3580455"
    ],
    "d3": [
        "3580114",
        "3580114",
        "3580913",
        "3580913"
    ],
    "d1": [
        "3580453",
        "3580453",
        "3580291",
        "3580291"
    ],
    "d4": [
        "3580905",
        "3580515",
        "3580905",
        "3580515"
    ]
}