{
    "d1": [
        "35740750",
        "35740750",
        "3574796",
        "3574796"
    ],
    "d0": [
        "35740751",
        "35740751",
        "3574458",
        "3574458"
    ],
    "d4": [
        "3574187",
        "3574187",
        "3574550",
        "3574742",
        "3574742",
        "3574550",
        "3575010",
        "3575010"
    ],
    "d3": [
        "3574664",
        "3574664",
        "3575368",
        "3575368"
    ],
    "d2": [
        "3574938",
        "3574938"
    ]
}