{
    "d4": [
        "36621130",
        "36621130",
        "36630320",
        "36630320",
        "36628081",
        "36628081"
    ],
    "d3": [
        "36621131",
        "3662213",
        "3662213",
        "36621131",
        "36630321",
        "36630321"
    ],
    "d2": [
        "3662397",
        "3662334",
        "3662397",
        "3662334"
    ],
    "d1": [
        "36624020",
        "36624020",
        "3662876",
        "3662876",
        "3663125",
        "3663125"
    ],
    "d0": [
        "36624021",
        "36624021",
        "3662618",
        "3662618",
        "36628080",
        "36628080"
    ]
}