{
    "d1": [
        "3648048",
        "3648048",
        "36485980",
        "36485980",
        "36495930",
        "36495930"
    ],
    "d3": [
        "3648447",
        "3648447",
        "36485981",
        "3649244",
        "36485981",
        "3649468",
        "3649244",
        "3649468"
    ],
    "d2": [
        "3648546",
        "3648546",
        "3649553",
        "3649553"
    ],
    "d4": [
        "3649115",
        "3649115",
        "36489970",
        "36489970"
    ],
    "d0": [
        "36489971",
        "36489971",
        "36495931",
        "36495931"
    ]
}