{
    "d2": [
        "3411499",
        "3411909",
        "3411499",
        "3411909"
    ],
    "d4": [
        "3411676",
        "3411748",
        "3411676",
        "3411748",
        "3412280",
        "3412280",
        "3412479",
        "3412479"
    ],
    "d1": [
        "3411772",
        "3412377",
        "3411772",
        "3412377",
        "3412366",
        "3412366"
    ],
    "d0": [
        "34121930",
        "34121930"
    ],
    "d3": [
        "34121931",
        "34121931"
    ]
}