{
    "d2": [
        "3545162",
        "3545162",
        "3545945",
        "3545945"
    ],
    "d3": [
        "35452100",
        "35452100",
        "3545927",
        "3545927"
    ],
    "d4": [
        "35452101",
        "3545699",
        "35452101",
        "3545699",
        "3545742",
        "3545742"
    ],
    "d0": [
        "3545422",
        "3545422",
        "3545940",
        "3545520",
        "3545940",
        "3545520"
    ],
    "d1": [
        "3545567",
        "3545567"
    ]
}