{
    "d3": [
        "3694495",
        "3694495",
        "36948900",
        "36948900"
    ],
    "d2": [
        "3694645",
        "36948901",
        "3694645",
        "36948901"
    ],
    "d1": [
        "3694733",
        "3695304",
        "3694733",
        "3695304",
        "36954121",
        "3695036",
        "36954121",
        "3695036"
    ],
    "d0": [
        "3695023",
        "3695023",
        "3694979",
        "3695297",
        "3695297",
        "3694979"
    ],
    "d4": [
        "36954120",
        "36954120"
    ]
}