{
    "d2": [
        "3462245",
        "3462614",
        "3462245",
        "3462614"
    ],
    "d3": [
        "34623510",
        "34623510",
        "3462829",
        "3462829",
        "3463198",
        "3463198"
    ],
    "d4": [
        "34623511",
        "34623511",
        "3462793",
        "3462793"
    ],
    "d1": [
        "3462391",
        "3462391",
        "34630261",
        "34630261",
        "34630260",
        "34630260"
    ],
    "d0": [
        "3462920",
        "3462980",
        "3462920",
        "3462980"
    ]
}