{
    "d3": [
        "35212551",
        "3521173",
        "3521173",
        "3521891",
        "3521891",
        "35212551"
    ],
    "d1": [
        "35212550",
        "35212550"
    ],
    "d4": [
        "3521789",
        "3521325",
        "3521325",
        "3521789",
        "3521880",
        "3521880"
    ],
    "d0": [
        "3521752",
        "3521752",
        "3521945",
        "3521945"
    ],
    "d2": [
        "3521762",
        "3521762",
        "3521916",
        "3521916"
    ]
}