{
    "d1": [
        "3558850",
        "3558850",
        "3559694",
        "3559694"
    ],
    "d4": [
        "3558851",
        "3558851",
        "3559471",
        "3559471",
        "3559914",
        "3559914"
    ],
    "d0": [
        "35590750",
        "35590750",
        "3559815",
        "3559815"
    ],
    "d3": [
        "35590751",
        "35590751",
        "3559686",
        "3559686"
    ],
    "d2": [
        "3559241",
        "3559241",
        "3560074",
        "3560074"
    ]
}