{
    "d2": [
        "3596787",
        "3596787",
        "35973601",
        "35973601",
        "3598042",
        "3598042"
    ],
    "d4": [
        "3597105",
        "3597105",
        "3597815",
        "3597815",
        "3598228",
        "3598228"
    ],
    "d3": [
        "3597357",
        "3597357",
        "3597983",
        "3597983"
    ],
    "d1": [
        "35973600",
        "35973600"
    ],
    "d0": [
        "3597439",
        "3597439",
        "3597972",
        "3597972"
    ]
}