{
    "d1": [
        "34785521",
        "3477871",
        "34785521",
        "3478590",
        "3477871",
        "3478590",
        "3478964",
        "3478964"
    ],
    "d4": [
        "3477886",
        "3477886",
        "3478556",
        "3478556"
    ],
    "d0": [
        "3477968",
        "3477968",
        "3478677",
        "3478677"
    ],
    "d2": [
        "34785520",
        "34785520"
    ],
    "d3": [
        "3478612",
        "3478612",
        "3478577",
        "3478577"
    ]
}