{
    "d4": [
        "3476943",
        "3477792",
        "3476943",
        "3477792"
    ],
    "d1": [
        "34770560",
        "34770560",
        "3477691",
        "3477691",
        "3477834",
        "3477834"
    ],
    "d0": [
        "34770561",
        "3477776",
        "34770561",
        "3477776"
    ],
    "d2": [
        "3477286",
        "3477286",
        "3477572",
        "3477572"
    ],
    "d3": [
        "3477478",
        "3477478",
        "3477752",
        "3477752"
    ]
}