{
    "d0": [
        "3572649",
        "3572649",
        "35738471",
        "35738471",
        "35738060",
        "35738060"
    ],
    "d3": [
        "3573058",
        "3573058",
        "3573041",
        "3573041"
    ],
    "d4": [
        "3573317",
        "3573317",
        "3573909",
        "3573909"
    ],
    "d1": [
        "35738470",
        "35738470",
        "3573334",
        "3573334",
        "35738061",
        "35738061"
    ],
    "d2": [
        "3573477",
        "3573477",
        "35739171",
        "35739171",
        "35739170",
        "35739170"
    ]
}