{
    "d1": [
        "3486421",
        "3486421",
        "3487378",
        "3487163",
        "3487378",
        "3487163",
        "3487236",
        "3487236"
    ],
    "d4": [
        "3486473",
        "3486473",
        "34869731",
        "34869731"
    ],
    "d0": [
        "3486806",
        "3486806",
        "34869730",
        "34869730"
    ],
    "d3": [
        "3486857",
        "3486857",
        "3486912",
        "3486912"
    ],
    "d2": [
        "3487177",
        "3487177"
    ]
}