{
    "d4": [
        "3414812",
        "3414493",
        "3414812",
        "3414493"
    ],
    "d1": [
        "3414552",
        "3414552",
        "3414892",
        "3414892",
        "3414953",
        "3414953"
    ],
    "d2": [
        "3414591",
        "3414791",
        "3414591",
        "3414791"
    ],
    "d3": [
        "34148341",
        "34148341",
        "34148340",
        "34148340",
        "3415023",
        "3415023"
    ],
    "d0": [
        "3414946",
        "3414946"
    ]
}