{
    "d1": [
        "3528286",
        "3528286",
        "3529304",
        "3528623",
        "3529304",
        "3528623"
    ],
    "d2": [
        "3528314",
        "3528314",
        "3529482",
        "3529482"
    ],
    "d4": [
        "3528336",
        "3528336",
        "35288430",
        "35288430",
        "3528870",
        "3528870",
        "3528650",
        "3528650"
    ],
    "d3": [
        "35288431",
        "35288431"
    ],
    "d0": [
        "3529069",
        "3529069"
    ]
}