{
    "d2": [
        "36740420",
        "36740420"
    ],
    "d1": [
        "36740421",
        "36740421",
        "3675093",
        "3675093"
    ],
    "d3": [
        "3674076",
        "3674840",
        "3674076",
        "3674885",
        "3674840",
        "3674885"
    ],
    "d4": [
        "3674113",
        "3674113",
        "3675356",
        "3675356"
    ],
    "d0": [
        "3674487",
        "3674487",
        "3674683",
        "3674683",
        "3674625",
        "3674625"
    ]
}