{
    "d2": [
        "3556339",
        "3556409",
        "3556577",
        "3556339",
        "3556409",
        "3556577",
        "35568970",
        "35568970"
    ],
    "d1": [
        "3556607",
        "3556732",
        "3556607",
        "3556732"
    ],
    "d3": [
        "3556680",
        "3556680",
        "35568971",
        "35568971"
    ],
    "d4": [
        "3556769",
        "3556769"
    ],
    "d0": [
        "3556878",
        "3556878",
        "3556871",
        "3556871"
    ]
}