{
    "d2": [
        "3529224",
        "3529224",
        "35300710",
        "35300710",
        "3530278",
        "3529491",
        "3530278",
        "3529491"
    ],
    "d0": [
        "3529680",
        "3529231",
        "3529680",
        "3529231",
        "35301440",
        "35301440"
    ],
    "d1": [
        "3529555",
        "3529555"
    ],
    "d3": [
        "3530297",
        "3530297",
        "35300711",
        "35300711"
    ],
    "d4": [
        "35301441",
        "35301441"
    ]
}