{
    "d2": [
        "3684630",
        "3684630",
        "3685042",
        "3685042",
        "3685313",
        "3685313"
    ],
    "d0": [
        "3684806",
        "3685049",
        "3684806",
        "3685049",
        "3685429",
        "3685429"
    ],
    "d1": [
        "3684848",
        "3684848",
        "36851761",
        "36851761"
    ],
    "d3": [
        "3684963",
        "3684963",
        "36851760",
        "36851760"
    ],
    "d4": [
        "3685129",
        "3685129"
    ]
}