{
    "d4": [
        "3515808",
        "3516090",
        "3515808",
        "3516090",
        "3516287",
        "3516287"
    ],
    "d2": [
        "3515816",
        "3515816",
        "3516084",
        "3516084",
        "3516715",
        "3516715"
    ],
    "d1": [
        "35163830",
        "35163830",
        "3516889",
        "3516889"
    ],
    "d0": [
        "35163831",
        "3516721",
        "35163831",
        "3516721"
    ],
    "d3": [
        "3516509",
        "3516509"
    ]
}