{
    "d2": [
        "3563102",
        "3563102",
        "3563776",
        "3563776"
    ],
    "d0": [
        "3563115",
        "3563115",
        "35633850",
        "35633850"
    ],
    "d1": [
        "35633851",
        "35633851",
        "3563154",
        "3563154"
    ],
    "d3": [
        "3563550",
        "3563550",
        "3564138",
        "3564138",
        "3564012",
        "3564012"
    ],
    "d4": [
        "3563552",
        "3563552",
        "3563885",
        "3563885"
    ]
}