{
    "d3": [
        "3618067",
        "3618067",
        "36190171",
        "36190171",
        "3619266",
        "3619266"
    ],
    "d2": [
        "3618148",
        "3618148",
        "3618640",
        "3618640"
    ],
    "d0": [
        "3618167",
        "3618167",
        "3618822",
        "3618822"
    ],
    "d1": [
        "3618239",
        "3618239",
        "36190170",
        "36190170"
    ],
    "d4": [
        "3618504",
        "3618504",
        "3619174",
        "3619174"
    ]
}