{
    "d3": [
        "34006080",
        "34006080",
        "3400751",
        "3400751"
    ],
    "d1": [
        "34006081",
        "3400763",
        "34006081",
        "3400763"
    ],
    "d0": [
        "3400659",
        "3400624",
        "3400624",
        "3400737",
        "3400659",
        "3400737"
    ],
    "d2": [
        "3400637",
        "3400637",
        "3400687",
        "3400687"
    ],
    "d4": [
        "34007040",
        "34007040",
        "3400733",
        "3400733",
        "34007041",
        "34007041"
    ]
}