{
    "d2": [
        "3449552",
        "3449552",
        "3450033",
        "3450033"
    ],
    "d0": [
        "3449572",
        "3449972",
        "3449572",
        "3449972",
        "3450248",
        "3450248",
        "34500310",
        "34500310"
    ],
    "d4": [
        "3449794",
        "3449794"
    ],
    "d3": [
        "34500311",
        "34500311",
        "3450571",
        "3450571"
    ],
    "d1": [
        "3450112",
        "3450112",
        "3450994",
        "3450994"
    ]
}