{
    "d0": [
        "3632726",
        "3633663",
        "3633663",
        "3632726",
        "3633662",
        "3633662"
    ],
    "d3": [
        "3632838",
        "36338101",
        "3632838",
        "36338101",
        "36338100",
        "36338100"
    ],
    "d4": [
        "3634012",
        "3632857",
        "3634012",
        "3632857",
        "36338450",
        "36338450",
        "36338451",
        "36338451"
    ],
    "d2": [
        "3633607",
        "3633607"
    ],
    "d1": [
        "3634069",
        "3634069"
    ]
}