{
    "d0": [
        "3474667",
        "3474667",
        "3475290",
        "3475290",
        "34751680",
        "34751680",
        "3475710",
        "3475710"
    ],
    "d1": [
        "3474854",
        "3474854"
    ],
    "d3": [
        "3474881",
        "3474881",
        "3475327",
        "3475327"
    ],
    "d4": [
        "3474940",
        "3474940",
        "3475457",
        "3475457"
    ],
    "d2": [
        "34751681",
        "34751681",
        "3475395",
        "3475395"
    ]
}