{
    "d4": [
        "36827980",
        "36827980",
        "3683499",
        "3683499",
        "3683962",
        "3683962"
    ],
    "d3": [
        "36827981",
        "36827981",
        "3683382",
        "3683382"
    ],
    "d0": [
        "36828870",
        "36828870",
        "3683763",
        "3683763"
    ],
    "d2": [
        "36828871",
        "36828871",
        "3683741",
        "3683741",
        "3683757",
        "3683757"
    ],
    "d1": [
        "3683740",
        "3683740"
    ]
}