{
    "d2": [
        "3449348",
        "3448977",
        "3449348",
        "3448977",
        "34499260",
        "34499260"
    ],
    "d1": [
        "3449055",
        "3449814",
        "3449055",
        "3449814"
    ],
    "d4": [
        "3449193",
        "3449193",
        "3449862",
        "3449862"
    ],
    "d3": [
        "3449720",
        "3450287",
        "3449720",
        "3450287"
    ],
    "d0": [
        "34499261",
        "3449947",
        "34499261",
        "3449947"
    ]
}