{
    "d2": [
        "3548610",
        "3548610",
        "35488091",
        "35488091",
        "3549503",
        "3549503"
    ],
    "d4": [
        "3548659",
        "3548659",
        "35488090",
        "35488090",
        "3548961",
        "3548961"
    ],
    "d1": [
        "35488590",
        "35488590"
    ],
    "d0": [
        "35488591",
        "35488591",
        "3549711",
        "3549711"
    ],
    "d3": [
        "3549394",
        "3549394",
        "3549129",
        "3549129"
    ]
}