{
    "d3": [
        "3679855",
        "3680106",
        "3680106",
        "3679855",
        "3680369",
        "3680369",
        "3680344",
        "3680344"
    ],
    "d4": [
        "3679902",
        "3679902",
        "3681015",
        "3681015"
    ],
    "d0": [
        "3680138",
        "3680138",
        "3680614",
        "3680614",
        "3681150",
        "3681150"
    ],
    "d2": [
        "36803570",
        "36803570"
    ],
    "d1": [
        "36803571",
        "36803571"
    ]
}