{
    "d0": [
        "36703160",
        "36703160",
        "3671623",
        "3671623",
        "36715791",
        "36715791"
    ],
    "d4": [
        "36703161",
        "36703161",
        "3670781",
        "3670781",
        "36706671",
        "36706671",
        "3671189",
        "3671189"
    ],
    "d1": [
        "3670602",
        "3670602",
        "36706670",
        "36706670"
    ],
    "d2": [
        "3670879",
        "3670879",
        "3671677",
        "3671677"
    ],
    "d3": [
        "3671169",
        "3671169",
        "36715790",
        "36715790"
    ]
}