{
    "d2": [
        "3492929",
        "3492929",
        "3493806",
        "3493806",
        "3494025",
        "3494025"
    ],
    "d1": [
        "3493056",
        "3493056"
    ],
    "d0": [
        "3493103",
        "3493103",
        "3494081",
        "3493562",
        "3493562",
        "3494081"
    ],
    "d4": [
        "34936820",
        "34936820",
        "3494036",
        "3494036"
    ],
    "d3": [
        "34936821",
        "34936821",
        "3493867",
        "3493867"
    ]
}