{
    "d2": [
        "3459912",
        "3459912",
        "3460068",
        "3460068",
        "3460026",
        "3460026"
    ],
    "d0": [
        "3459952",
        "3459952"
    ],
    "d3": [
        "3460242",
        "3460242",
        "3460465",
        "3460465",
        "3461083",
        "3461083"
    ],
    "d4": [
        "34603991",
        "34603991",
        "34603990",
        "34603990",
        "3460883",
        "3460883"
    ],
    "d1": [
        "3461047",
        "3461047"
    ]
}