{
    "d2": [
        "3526516",
        "3527087",
        "3526516",
        "3527087",
        "3527320",
        "3527320"
    ],
    "d4": [
        "3526769",
        "3526769",
        "35272411",
        "3527575",
        "3527575",
        "35272411"
    ],
    "d0": [
        "35272410",
        "35272410",
        "3527590",
        "3527590"
    ],
    "d1": [
        "3527333",
        "3527333",
        "3527546",
        "3527546",
        "35275790",
        "35275790"
    ],
    "d3": [
        "35275791",
        "35275791"
    ]
}