{
    "d0": [
        "3642013",
        "3642505",
        "3642013",
        "3642505"
    ],
    "d1": [
        "3642018",
        "3642018",
        "3642501",
        "3642992",
        "3642501",
        "3642992"
    ],
    "d3": [
        "36422270",
        "36422270",
        "3642283",
        "3642283"
    ],
    "d2": [
        "36422271",
        "36422271",
        "3642360",
        "3642843",
        "3642360",
        "3642843"
    ],
    "d4": [
        "3642991",
        "3642991"
    ]
}