{
    "d4": [
        "3505213",
        "3505213",
        "3506059",
        "3506059",
        "3505766",
        "3505766"
    ],
    "d0": [
        "3505254",
        "3505254",
        "3505224",
        "3505224"
    ],
    "d2": [
        "35060020",
        "35060020"
    ],
    "d1": [
        "35060021",
        "3506217",
        "35060021",
        "3506217"
    ],
    "d3": [
        "3506150",
        "3506150",
        "3506262",
        "3506134",
        "3506262",
        "3506134"
    ]
}