{
    "d4": [
        "3677243",
        "36773871",
        "36773871",
        "3677243",
        "3677657",
        "3677657",
        "36784880",
        "36784880"
    ],
    "d3": [
        "3677324",
        "3677324",
        "3678361",
        "3678361"
    ],
    "d1": [
        "36773870",
        "36773870",
        "3678416",
        "3678416"
    ],
    "d0": [
        "3677432",
        "3677432",
        "3678211",
        "3678211"
    ],
    "d2": [
        "3677986",
        "3677986",
        "36784881",
        "36784881"
    ]
}