{
    "d1": [
        "35975230",
        "35975230"
    ],
    "d3": [
        "35976621",
        "35975231",
        "35976621",
        "35975231",
        "3599050",
        "3599050"
    ],
    "d2": [
        "3597567",
        "3597567",
        "35977051",
        "35977051",
        "35977050",
        "35977050",
        "3598699",
        "3598155",
        "3598699",
        "3598155"
    ],
    "d4": [
        "35976620",
        "35976620",
        "3598619",
        "3598619"
    ],
    "d0": [
        "3597810",
        "3597810",
        "3597898",
        "3597898"
    ]
}