{
    "d0": [
        "3493201",
        "3493201",
        "34939361",
        "34939361",
        "34939360",
        "34939360"
    ],
    "d2": [
        "3493527",
        "3493660",
        "3493527",
        "3493660",
        "34938580",
        "34938580"
    ],
    "d1": [
        "3493599",
        "3493599",
        "3494303",
        "3494303"
    ],
    "d4": [
        "3493765",
        "3493765",
        "34941370",
        "34941370",
        "34941371",
        "34941371"
    ],
    "d3": [
        "3493812",
        "3493812",
        "34938581",
        "34938581"
    ]
}