{
    "d1": [
        "3615609",
        "3615609",
        "3616749",
        "36162141",
        "3616749",
        "36162141"
    ],
    "d3": [
        "3615693",
        "3615693",
        "3615842",
        "3615842",
        "3616688",
        "3616688"
    ],
    "d4": [
        "36158181",
        "36158181",
        "36158180",
        "36158180"
    ],
    "d2": [
        "3616082",
        "3616082",
        "36162140",
        "36162140"
    ],
    "d0": [
        "3616639",
        "3616639",
        "3617233",
        "3617233"
    ]
}