{
    "d3": [
        "3677465",
        "3677465",
        "3678682",
        "3678682"
    ],
    "d4": [
        "3677653",
        "3677653",
        "36778731",
        "36778731",
        "36778730",
        "36778730"
    ],
    "d0": [
        "3677693",
        "3677693",
        "3677738",
        "3677738",
        "3678497",
        "3678497",
        "3678458",
        "3678458"
    ],
    "d1": [
        "3678158",
        "3678158"
    ],
    "d2": [
        "3678454",
        "3678454"
    ]
}