{
    "d3": [
        "36719960",
        "36719960",
        "3672559",
        "3672559"
    ],
    "d4": [
        "36719961",
        "36719961",
        "3672561",
        "3672561",
        "3672785",
        "3672785"
    ],
    "d2": [
        "3672039",
        "3672039",
        "3672494",
        "3672494",
        "3672885",
        "3672885"
    ],
    "d1": [
        "3672207",
        "3672207"
    ],
    "d0": [
        "3672208",
        "3672603",
        "3672208",
        "3672603"
    ]
}