{
    "d0": [
        "3636376",
        "3636376",
        "3637428",
        "3637428"
    ],
    "d2": [
        "36365010",
        "36365010",
        "3636734",
        "3636734",
        "3637423",
        "3637423"
    ],
    "d3": [
        "36365011",
        "36365011"
    ],
    "d1": [
        "3636602",
        "3636602",
        "3637292",
        "3637292"
    ],
    "d4": [
        "3636703",
        "3636703",
        "3636955",
        "3636955",
        "3637539",
        "3637539"
    ]
}