{
    "d3": [
        "3547892",
        "3547892",
        "3548044",
        "3548392",
        "3548044",
        "3548392",
        "3548892",
        "3548892"
    ],
    "d2": [
        "3548353",
        "3548353",
        "35485791",
        "35485791"
    ],
    "d4": [
        "3548418",
        "3548418",
        "3548464",
        "3549011",
        "3548464",
        "3549011"
    ],
    "d1": [
        "35485790",
        "35485790"
    ],
    "d0": [
        "3548829",
        "3548829"
    ]
}