{
    "d3": [
        "3578890",
        "3577766",
        "3578890",
        "3577766",
        "35784140",
        "35784140"
    ],
    "d1": [
        "3577979",
        "3577979",
        "3578850",
        "3578850",
        "3578674",
        "3578674"
    ],
    "d4": [
        "3578391",
        "3578391"
    ],
    "d0": [
        "35784141",
        "3578605",
        "35784141",
        "3578605"
    ],
    "d2": [
        "3578687",
        "3578687",
        "3579012",
        "3579012"
    ]
}