{
    "d1": [
        "3625422",
        "3625525",
        "3625422",
        "3625525",
        "3626545",
        "3626545",
        "3627023",
        "3627023"
    ],
    "d3": [
        "3625881",
        "3625881",
        "3626509",
        "3626509",
        "36262561",
        "36262561"
    ],
    "d2": [
        "3626000",
        "3626000",
        "3626958",
        "3626958"
    ],
    "d0": [
        "3626255",
        "3626255"
    ],
    "d4": [
        "36262560",
        "36262560"
    ]
}