{
    "d4": [
        "3461625",
        "3462144",
        "3461625",
        "3462144"
    ],
    "d1": [
        "3462182",
        "3461685",
        "3461685",
        "3462251",
        "3462182",
        "3462251"
    ],
    "d3": [
        "3461778",
        "3461778"
    ],
    "d2": [
        "3461915",
        "3461915",
        "3462338",
        "3462292",
        "3462338",
        "3462292"
    ],
    "d0": [
        "34621491",
        "34621491",
        "34621490",
        "34621490"
    ]
}