{
    "d2": [
        "3424710",
        "3424710",
        "34251671",
        "34251671",
        "34251670",
        "34251670",
        "3425928",
        "3425928"
    ],
    "d1": [
        "3424815",
        "3424815",
        "3425169",
        "3425169"
    ],
    "d0": [
        "3425031",
        "3425259",
        "3425031",
        "3425259"
    ],
    "d3": [
        "3425067",
        "3425067",
        "3425993",
        "3425993"
    ],
    "d4": [
        "3425778",
        "3425778"
    ]
}