{
    "d1": [
        "34203580",
        "34203580",
        "34208851",
        "34208851"
    ],
    "d0": [
        "34203581",
        "3420956",
        "3420956",
        "34203581",
        "34208090",
        "34208090",
        "34212491",
        "34212491"
    ],
    "d3": [
        "3420625",
        "34208091",
        "3420625",
        "34208091",
        "3421327",
        "3420813",
        "3421327",
        "3420813"
    ],
    "d4": [
        "34208850",
        "34208850",
        "3421240",
        "3421240"
    ],
    "d2": [
        "34212490",
        "34212490",
        "3420941",
        "3420941"
    ]
}