{
    "d2": [
        "3694099",
        "3694099",
        "3694684",
        "3694684",
        "3694792",
        "3694792"
    ],
    "d4": [
        "3694174",
        "3694174",
        "3694655",
        "3694655",
        "36948170",
        "36948170"
    ],
    "d0": [
        "36948171",
        "3694306",
        "36948171",
        "3694306"
    ],
    "d3": [
        "36947431",
        "36947431",
        "3694703",
        "3694703"
    ],
    "d1": [
        "36947430",
        "36947430",
        "3694878",
        "3694878"
    ]
}