{
    "d3": [
        "3646726",
        "3646726",
        "36470700",
        "36470700"
    ],
    "d1": [
        "3647113",
        "3646981",
        "3647113",
        "3646981",
        "3648048",
        "3648048"
    ],
    "d0": [
        "36470701",
        "36470701",
        "3647262",
        "3647342",
        "3647262",
        "3647342"
    ],
    "d4": [
        "3647191",
        "3648185",
        "3647191",
        "3648185"
    ],
    "d2": [
        "3647683",
        "3647683"
    ]
}