{
    "d3": [
        "3688486",
        "3688486",
        "36891670",
        "36891670"
    ],
    "d1": [
        "3688623",
        "3688623",
        "36894630",
        "36894630"
    ],
    "d0": [
        "3688742",
        "36888231",
        "36888231",
        "3688742",
        "3689163",
        "36894631",
        "36894631",
        "3689163"
    ],
    "d4": [
        "36888230",
        "36888230",
        "36891671",
        "36891671"
    ],
    "d2": [
        "3688846",
        "3688846",
        "3689007",
        "3689007"
    ]
}