{
    "d1": [
        "3683072",
        "3683072",
        "3683586",
        "3683586"
    ],
    "d0": [
        "3683106",
        "3683106",
        "36836261",
        "3683806",
        "36836261",
        "3683806"
    ],
    "d3": [
        "3683123",
        "3683123",
        "3683497",
        "3683497"
    ],
    "d2": [
        "3683252",
        "3683252",
        "3684046",
        "3684046"
    ],
    "d4": [
        "36836260",
        "36836260",
        "3684130",
        "3684130"
    ]
}