{
    "d2": [
        "34614360",
        "34614360",
        "34625360",
        "34625360",
        "34625361",
        "34625361"
    ],
    "d1": [
        "34614361",
        "34614361",
        "3461878",
        "3461878",
        "3462514",
        "3462514",
        "3461946",
        "3461946"
    ],
    "d3": [
        "3461450",
        "3461450",
        "3462598",
        "3462598"
    ],
    "d4": [
        "3461519",
        "3461519",
        "3462213",
        "3462213"
    ],
    "d0": [
        "3461756",
        "3461756"
    ]
}