{
    "d3": [
        "3500735",
        "3500735",
        "35013481",
        "3501908",
        "35013481",
        "3501908"
    ],
    "d0": [
        "3500966",
        "3500966",
        "3501814",
        "3501814"
    ],
    "d2": [
        "3500972",
        "3500972",
        "35010311",
        "35010311",
        "35013480",
        "35013480"
    ],
    "d1": [
        "3501010",
        "3501010",
        "35010310",
        "35010310",
        "3501895",
        "3501895"
    ],
    "d4": [
        "3501918",
        "3501918"
    ]
}