{
    "d3": [
        "3450183",
        "3450183",
        "3451028",
        "3451028",
        "34511100",
        "34511100"
    ],
    "d0": [
        "3451143",
        "3450209",
        "3451143",
        "3450209"
    ],
    "d4": [
        "3450874",
        "3450300",
        "3450874",
        "3450300"
    ],
    "d2": [
        "3450686",
        "3450686"
    ],
    "d1": [
        "34511101",
        "3451413",
        "34511101",
        "3451373",
        "3451373",
        "3451413"
    ]
}