{
    "d3": [
        "34336180",
        "34336180",
        "34337150",
        "34337150"
    ],
    "d0": [
        "34336181",
        "34336181",
        "34337151",
        "34337151",
        "3435043",
        "3435043"
    ],
    "d2": [
        "3433663",
        "3433663",
        "3434120",
        "3434120",
        "3435055",
        "3435055"
    ],
    "d1": [
        "3433708",
        "3433708",
        "3434250",
        "3434250"
    ],
    "d4": [
        "3434770",
        "3434770",
        "3434895",
        "3434895"
    ]
}