{
    "d2": [
        "3541841",
        "3541841",
        "35422461",
        "35422461",
        "35424831",
        "35424831"
    ],
    "d3": [
        "3541842",
        "3541842",
        "35422460",
        "35422460",
        "3542763",
        "3542874",
        "3542763",
        "3542538",
        "3542538",
        "3542874"
    ],
    "d4": [
        "3542281",
        "3542652",
        "3542281",
        "3542652"
    ],
    "d1": [
        "35424830",
        "35424830"
    ],
    "d0": [
        "3542753",
        "3542753"
    ]
}