{
    "d3": [
        "33950991",
        "3395156",
        "33950991",
        "3395156",
        "33950990",
        "33950990",
        "3395132",
        "3395132"
    ],
    "d1": [
        "33951140",
        "33951140",
        "3395286",
        "3395286"
    ],
    "d4": [
        "33951141",
        "33951141",
        "33952681",
        "3395302",
        "3395302",
        "33952681"
    ],
    "d0": [
        "3395222",
        "3395222",
        "33952680",
        "33952680"
    ],
    "d2": [
        "3395272",
        "3395272",
        "3395304",
        "3395304"
    ]
}