{
    "d0": [
        "3687616",
        "3687616",
        "3687733",
        "3687733",
        "3688144",
        "3688144",
        "36879800",
        "36879800"
    ],
    "d4": [
        "3688434",
        "3687798",
        "3688434",
        "3688412",
        "3687798",
        "3688412"
    ],
    "d3": [
        "36879801",
        "36879801",
        "3688127",
        "3688127"
    ],
    "d1": [
        "3688086",
        "3688086"
    ],
    "d2": [
        "3688579",
        "3688579"
    ]
}