{
    "d3": [
        "3441454",
        "3442111",
        "3442111",
        "3441454",
        "34422641",
        "34422641",
        "34422640",
        "34422640"
    ],
    "d1": [
        "34416990",
        "34416990",
        "34422031",
        "34422031",
        "3441124",
        "3441124"
    ],
    "d0": [
        "34416991",
        "3442008",
        "3442008",
        "34416991",
        "3442474",
        "3442474"
    ],
    "d4": [
        "34422030",
        "34422030",
        "3442293",
        "3442293"
    ],
    "d2": [
        "3442304",
        "3442304"
    ]
}