{
    "d3": [
        "3649581",
        "3649581",
        "36500890",
        "36500890"
    ],
    "d2": [
        "3649646",
        "3649646",
        "3649861",
        "3649861"
    ],
    "d4": [
        "3649667",
        "3649667",
        "3650159",
        "3650844",
        "3650844",
        "3650159"
    ],
    "d0": [
        "3649679",
        "3649679",
        "3650336",
        "3650336"
    ],
    "d1": [
        "36500891",
        "36500891",
        "3650910",
        "3650910"
    ]
}