{
    "d1": [
        "3479089",
        "3479089",
        "3479618",
        "3479618",
        "34793551",
        "34793551"
    ],
    "d2": [
        "3479102",
        "3479102",
        "34798420",
        "34798420"
    ],
    "d3": [
        "34791601",
        "34791601",
        "3479955",
        "34791600",
        "3479955",
        "34791600"
    ],
    "d0": [
        "3479269",
        "34798421",
        "3479269",
        "34798421"
    ],
    "d4": [
        "34793550",
        "34793550",
        "3479791",
        "3479791"
    ]
}