{
    "d2": [
        "3432221",
        "3432221",
        "3433253",
        "3433253"
    ],
    "d4": [
        "3432233",
        "3432233",
        "34329950",
        "34329950",
        "3433137",
        "3433137",
        "34332600",
        "34332600"
    ],
    "d3": [
        "34322500",
        "34322500",
        "34330950",
        "34330950"
    ],
    "d0": [
        "34322501",
        "34322501",
        "34330951",
        "3432831",
        "34330951",
        "3432831"
    ],
    "d1": [
        "34329951",
        "34329951",
        "3433189",
        "3433189",
        "34332601",
        "34332601"
    ]
}