{
    "d0": [
        "35829950",
        "35829950",
        "3583413",
        "3583413",
        "3583980",
        "3583980"
    ],
    "d1": [
        "35829951",
        "35829951",
        "3583749",
        "3583749"
    ],
    "d4": [
        "3583839",
        "3583053",
        "3583053",
        "3583839",
        "3584048",
        "3584048"
    ],
    "d2": [
        "3583164",
        "3583164",
        "3583199",
        "3583199"
    ],
    "d3": [
        "3583460",
        "3583460"
    ]
}