{
    "d1": [
        "3674938",
        "3674938",
        "3674964",
        "3674964"
    ],
    "d2": [
        "3675183",
        "3675183",
        "3676114",
        "3676114",
        "3676183",
        "3676183"
    ],
    "d4": [
        "3675408",
        "3675408",
        "36756620",
        "36756620"
    ],
    "d0": [
        "36756621",
        "3675674",
        "3675674",
        "36756621"
    ],
    "d3": [
        "3675720",
        "3675720",
        "3675977",
        "3675977"
    ]
}