{
    "d4": [
        "3584716",
        "3584716",
        "3585296",
        "3585296",
        "35859410",
        "35859410",
        "3585669",
        "3585669"
    ],
    "d3": [
        "3585259",
        "3585259",
        "3585309",
        "3585309",
        "35859411",
        "35859411"
    ],
    "d2": [
        "3585311",
        "3585311",
        "3585412",
        "3585412"
    ],
    "d1": [
        "3585404",
        "3585404"
    ],
    "d0": [
        "3585919",
        "3585919"
    ]
}