{
    "d1": [
        "34192300",
        "34192300",
        "3419803",
        "3419803",
        "34201850",
        "34201850"
    ],
    "d0": [
        "34192301",
        "34192301",
        "34201851",
        "34201851"
    ],
    "d2": [
        "3419422",
        "3419422",
        "34198060",
        "34198060"
    ],
    "d4": [
        "3419440",
        "3419440",
        "3419811",
        "3419892",
        "3419892",
        "3419811",
        "3420187",
        "3420187"
    ],
    "d3": [
        "34198061",
        "34198061",
        "3420040",
        "3420040"
    ]
}