{
    "d2": [
        "3584154",
        "3584341",
        "3584154",
        "3584341",
        "3585068",
        "3585068"
    ],
    "d0": [
        "3584199",
        "3584199",
        "3584707",
        "3584707"
    ],
    "d4": [
        "3584296",
        "3584296",
        "35847660",
        "35847660"
    ],
    "d3": [
        "3584427",
        "3584427",
        "35847661",
        "3584448",
        "35847661",
        "3584448"
    ],
    "d1": [
        "3584822",
        "3584822"
    ]
}