{
    "d2": [
        "3528828",
        "3529215",
        "3529215",
        "3528828",
        "35294490",
        "35294490"
    ],
    "d3": [
        "3528859",
        "3528859",
        "3529357",
        "3529357",
        "35294491",
        "35294491"
    ],
    "d4": [
        "3528864",
        "3528864",
        "35291320",
        "3529083",
        "35291320",
        "3529083",
        "3529477",
        "3529477"
    ],
    "d0": [
        "3528963",
        "3528963"
    ],
    "d1": [
        "35291321",
        "35291321"
    ]
}