{
    "d2": [
        "3596916",
        "3597233",
        "3597233",
        "3596916"
    ],
    "d4": [
        "3596925",
        "3597861",
        "3596925",
        "3597861"
    ],
    "d0": [
        "3597033",
        "3597033",
        "3598108",
        "3598108",
        "35985591",
        "35985591"
    ],
    "d3": [
        "3597143",
        "3597143",
        "3597450",
        "3597450",
        "35985590",
        "35985590"
    ],
    "d1": [
        "3597501",
        "3597501"
    ]
}