{
    "d4": [
        "3396274",
        "3396274",
        "3396352",
        "3396352"
    ],
    "d0": [
        "3396275",
        "3396275",
        "3396419",
        "3396419"
    ],
    "d2": [
        "3396282",
        "3396282",
        "33964171",
        "33964171",
        "3396393",
        "3396393"
    ],
    "d3": [
        "3396358",
        "3396358",
        "3396368",
        "3396368"
    ],
    "d1": [
        "3396416",
        "3396416",
        "33964170",
        "33964170"
    ]
}