{
    "d3": [
        "3670083",
        "3670083",
        "3671372",
        "3671372"
    ],
    "d1": [
        "3670120",
        "3670325",
        "3670120",
        "3670325"
    ],
    "d2": [
        "3670268",
        "3670268",
        "36706531",
        "36706531",
        "3670872",
        "3670872"
    ],
    "d4": [
        "3670830",
        "3670417",
        "3670830",
        "3670417"
    ],
    "d0": [
        "3670579",
        "3670579",
        "36706530",
        "36706530"
    ]
}