{
    "d1": [
        "3431974",
        "3431974",
        "3433255",
        "3432080",
        "3432080",
        "3433255"
    ],
    "d2": [
        "3432035",
        "3432035",
        "3432472",
        "3432472"
    ],
    "d4": [
        "3432125",
        "3432125",
        "34324891",
        "34324891"
    ],
    "d0": [
        "3432289",
        "3432289",
        "3432619",
        "3432619"
    ],
    "d3": [
        "3432536",
        "3432536",
        "34324890",
        "34324890"
    ]
}