{
    "d0": [
        "3641310",
        "3641310",
        "36420820",
        "36420820",
        "3642577",
        "3642577"
    ],
    "d2": [
        "3641509",
        "3641358",
        "3641509",
        "3641358",
        "36420821",
        "36420821"
    ],
    "d4": [
        "3641379",
        "3641979",
        "3641979",
        "3641379"
    ],
    "d3": [
        "3641920",
        "3641920"
    ],
    "d1": [
        "3642335",
        "3642472",
        "3642335",
        "3642472"
    ]
}