{
    "d4": [
        "3595397",
        "3595397",
        "3596638",
        "3596419",
        "3596638",
        "3596419"
    ],
    "d3": [
        "3595551",
        "3595551",
        "35960371",
        "35960371",
        "3596278",
        "3596278"
    ],
    "d2": [
        "35960370",
        "35960370"
    ],
    "d1": [
        "3596588",
        "3596588",
        "3596346",
        "3596346"
    ],
    "d0": [
        "3596439",
        "3596649",
        "3596439",
        "3596649"
    ]
}