{
    "d4": [
        "3597625",
        "3597625",
        "3598577",
        "3598577",
        "3598979",
        "3598979"
    ],
    "d2": [
        "35978740",
        "35978740",
        "3598958",
        "3598926",
        "3598958",
        "3598926"
    ],
    "d0": [
        "35979020",
        "35979020",
        "35978741",
        "3598617",
        "35978741",
        "3598617"
    ],
    "d1": [
        "35979021",
        "35979021",
        "3599120",
        "3599120"
    ],
    "d3": [
        "35985591",
        "35985591",
        "35985590",
        "35985590"
    ]
}