{
    "d0": [
        "3620936",
        "3620936",
        "3620061",
        "3620061"
    ],
    "d3": [
        "3620503",
        "3620503",
        "3621232",
        "3621132",
        "3621232",
        "3621132"
    ],
    "d2": [
        "3620691",
        "3620691",
        "3620983",
        "3620983",
        "36213441",
        "36213441"
    ],
    "d1": [
        "3620908",
        "3621247",
        "3620908",
        "3621247"
    ],
    "d4": [
        "36213440",
        "36213440"
    ]
}