{
    "d3": [
        "3688263",
        "3688263",
        "3688898",
        "3688898",
        "3689008",
        "3689008"
    ],
    "d4": [
        "3688322",
        "3688582",
        "3688582",
        "3688814",
        "3688322",
        "3688814"
    ],
    "d1": [
        "36883390",
        "36883390"
    ],
    "d2": [
        "36883391",
        "36883391",
        "3688892",
        "3688892"
    ],
    "d0": [
        "3688705",
        "3688705",
        "3688950",
        "3688950"
    ]
}