{
    "d1": [
        "3664189",
        "3664189",
        "3664399",
        "3664399",
        "3664901",
        "3664901",
        "3665156",
        "3665156"
    ],
    "d3": [
        "36642960",
        "36642960",
        "3665415",
        "3665415"
    ],
    "d2": [
        "36642961",
        "3664779",
        "3664779",
        "36642961"
    ],
    "d4": [
        "3664676",
        "3664676",
        "3665504",
        "3665504"
    ],
    "d0": [
        "3665105",
        "3665105"
    ]
}