{
    "d3": [
        "3430612",
        "3430612",
        "3431652",
        "3431652"
    ],
    "d2": [
        "3430722",
        "3430722",
        "3431846",
        "3431846",
        "3431894",
        "3431894"
    ],
    "d0": [
        "3430769",
        "3430769",
        "34311370",
        "34311370"
    ],
    "d4": [
        "3431143",
        "34311371",
        "3431143",
        "3431975",
        "34311371",
        "3431975"
    ],
    "d1": [
        "3432100",
        "3432100"
    ]
}