{
    "d1": [
        "3617264",
        "3617264"
    ],
    "d0": [
        "3617646",
        "3617646",
        "36185961",
        "36185961"
    ],
    "d3": [
        "3617710",
        "3617710",
        "3618230",
        "3618378",
        "3618378",
        "3618230"
    ],
    "d4": [
        "3618073",
        "3617862",
        "3618073",
        "3617862",
        "36185960",
        "36185960"
    ],
    "d2": [
        "3618213",
        "3618213",
        "3618861",
        "3618861"
    ]
}