{
    "d4": [
        "3475979",
        "3475979",
        "34763250",
        "34763250"
    ],
    "d2": [
        "3476100",
        "3476453",
        "3476453",
        "3476813",
        "3476100",
        "3476813"
    ],
    "d3": [
        "3476118",
        "3476118",
        "34763251",
        "34763251"
    ],
    "d0": [
        "3476268",
        "3476862",
        "3476268",
        "3476862"
    ],
    "d1": [
        "3476311",
        "3476311",
        "3476646",
        "3476646"
    ]
}