{
    "d2": [
        "3434925",
        "34350791",
        "3434925",
        "34350791"
    ],
    "d4": [
        "34350790",
        "34350790",
        "3435979",
        "3435979"
    ],
    "d0": [
        "3435081",
        "3435081",
        "3435168",
        "3435168",
        "3435892",
        "3435892"
    ],
    "d3": [
        "3435246",
        "3435246",
        "3435933",
        "3435933"
    ],
    "d1": [
        "3435258",
        "3435258",
        "3435733",
        "3435733"
    ]
}