{
    "d2": [
        "3428292",
        "3428421",
        "3428292",
        "3428421"
    ],
    "d3": [
        "3428381",
        "3428381",
        "3428625",
        "3428749",
        "3428625",
        "3428749",
        "34294121",
        "34294121"
    ],
    "d1": [
        "3428523",
        "3428523",
        "3429100",
        "34286751",
        "3429100",
        "34286751",
        "34294120",
        "34294120"
    ],
    "d4": [
        "34286750",
        "34286750"
    ],
    "d0": [
        "3429187",
        "3429187"
    ]
}