{
    "d4": [
        "3532116",
        "3532285",
        "3532116",
        "35329871",
        "3532285",
        "35329871",
        "3533356",
        "3533144",
        "3533144",
        "3533356"
    ],
    "d2": [
        "3532876",
        "3533123",
        "3532876",
        "3533123",
        "3533271",
        "3533271"
    ],
    "d1": [
        "3532934",
        "3532934",
        "35329870",
        "35329870"
    ],
    "d0": [
        "35332250",
        "35332250"
    ],
    "d3": [
        "35332251",
        "35332251"
    ]
}