{
    "d0": [
        "3649460",
        "3649460",
        "3649613",
        "3649613",
        "36506221",
        "36506221"
    ],
    "d2": [
        "36502451",
        "3649649",
        "36502451",
        "3649649",
        "36505190",
        "36505190"
    ],
    "d4": [
        "3650109",
        "3650109",
        "3650625",
        "3650625"
    ],
    "d1": [
        "36502450",
        "36502450",
        "3650840",
        "3650840",
        "36506220",
        "36506220"
    ],
    "d3": [
        "36505191",
        "36505191"
    ]
}