{
    "d1": [
        "3558138",
        "3558138",
        "35587701",
        "35587701",
        "3559017",
        "3559017"
    ],
    "d4": [
        "3558171",
        "3558171"
    ],
    "d3": [
        "3558501",
        "3558501",
        "3558685",
        "3558685",
        "3559195",
        "3559195"
    ],
    "d0": [
        "3558509",
        "3558509",
        "35587700",
        "35587700"
    ],
    "d2": [
        "3558639",
        "3558614",
        "3558639",
        "3558614"
    ]
}