{
    "d0": [
        "3470582",
        "3470582",
        "3471235",
        "3471233",
        "3471233",
        "3471235",
        "3471471",
        "3471471"
    ],
    "d3": [
        "3470592",
        "3470967",
        "3470967",
        "3470592"
    ],
    "d2": [
        "3471056",
        "3471056",
        "34710850",
        "34710850"
    ],
    "d1": [
        "34710851",
        "34710851",
        "3471269",
        "3471269"
    ],
    "d4": [
        "3471319",
        "3471319"
    ]
}