{
    "d0": [
        "3410288",
        "3410288",
        "3410729",
        "3410729",
        "3411162",
        "3411162"
    ],
    "d3": [
        "3410323",
        "3410323",
        "3410862",
        "3410862"
    ],
    "d4": [
        "34104180",
        "34104180",
        "3411257",
        "3411257"
    ],
    "d2": [
        "34104181",
        "3410505",
        "34104181",
        "3410505"
    ],
    "d1": [
        "3410461",
        "3410461",
        "3411164",
        "3411164"
    ]
}