{
    "d4": [
        "3658090",
        "3658432",
        "3658432",
        "3658090",
        "36586950",
        "36586950",
        "3658933",
        "3658933"
    ],
    "d1": [
        "3658375",
        "3658375"
    ],
    "d0": [
        "36586951",
        "36586951",
        "3659440",
        "3659440",
        "3659075",
        "3659075"
    ],
    "d2": [
        "3659052",
        "3658722",
        "3659052",
        "3658722"
    ],
    "d3": [
        "3658796",
        "3658796"
    ]
}