{
    "d3": [
        "35561481",
        "35561481",
        "35561480",
        "35561480",
        "3556495",
        "3556495"
    ],
    "d4": [
        "3556189",
        "3556189",
        "35567940",
        "35567940"
    ],
    "d0": [
        "3556195",
        "3556195",
        "35564120",
        "35564120",
        "3556807",
        "3556807"
    ],
    "d2": [
        "3556281",
        "3556281",
        "35564121",
        "35564121"
    ],
    "d1": [
        "3556430",
        "3556430",
        "35567941",
        "35567941"
    ]
}