{
    "d2": [
        "3420294",
        "3420294",
        "34205180",
        "34205180",
        "3420438",
        "3420438",
        "3420978",
        "3420978"
    ],
    "d3": [
        "34204130",
        "34204130"
    ],
    "d0": [
        "34204131",
        "34204131",
        "3420726",
        "3420726",
        "3421111",
        "3421111"
    ],
    "d4": [
        "3420425",
        "3420425",
        "34208090",
        "34208090"
    ],
    "d1": [
        "34208091",
        "34205181",
        "34208091",
        "34205181"
    ]
}