{
    "d1": [
        "3421946",
        "3421946",
        "3422453",
        "3422950",
        "3422453",
        "3422950"
    ],
    "d0": [
        "3422064",
        "3422064",
        "34231940",
        "3422744",
        "34231940",
        "3422744"
    ],
    "d3": [
        "3422457",
        "3422457",
        "34231941",
        "34231941"
    ],
    "d4": [
        "3422497",
        "3423039",
        "3423039",
        "3422497"
    ],
    "d2": [
        "3423077",
        "3423077"
    ]
}