{
    "d4": [
        "3537481",
        "3537481",
        "35385021",
        "35385021"
    ],
    "d0": [
        "3537581",
        "3537581",
        "3537914",
        "3537914"
    ],
    "d3": [
        "3537743",
        "3538060",
        "3538060",
        "3537743",
        "3538545",
        "3538545"
    ],
    "d2": [
        "3537886",
        "3537886",
        "3538333",
        "3538333"
    ],
    "d1": [
        "3538358",
        "3538358",
        "35385020",
        "35385020"
    ]
}