{
    "d4": [
        "3565892",
        "3565892",
        "3566057",
        "3566057",
        "35666120",
        "35666120"
    ],
    "d0": [
        "3566162",
        "3566162",
        "3566721",
        "3566721",
        "3567087",
        "3567087"
    ],
    "d3": [
        "35662890",
        "35662890",
        "35664450",
        "35664450"
    ],
    "d2": [
        "35662891",
        "35662891",
        "35664451",
        "35664451",
        "3567032",
        "3567032"
    ],
    "d1": [
        "3566308",
        "3566308",
        "35666121",
        "35666121"
    ]
}