{
    "d1": [
        "3457486",
        "3457486",
        "3457781",
        "3457781",
        "34578230",
        "34578230"
    ],
    "d3": [
        "3457503",
        "34578231",
        "3457503",
        "34578231"
    ],
    "d4": [
        "3457647",
        "3457647",
        "3457999",
        "3458529",
        "3457999",
        "3458529"
    ],
    "d2": [
        "3458043",
        "3458109",
        "3458043",
        "3458109"
    ],
    "d0": [
        "3458335",
        "3458335"
    ]
}