{
    "d2": [
        "3430817",
        "3430817",
        "3431500",
        "3431500"
    ],
    "d3": [
        "3430829",
        "3430829",
        "34318190",
        "34318190"
    ],
    "d4": [
        "3431205",
        "3430852",
        "3430852",
        "3431205",
        "34318191",
        "34318191"
    ],
    "d1": [
        "3430960",
        "3431622",
        "3430960",
        "3432007",
        "3432007",
        "3431622"
    ],
    "d0": [
        "3431888",
        "3431888"
    ]
}