{
    "d4": [
        "3676432",
        "3676432",
        "3677550",
        "3677550"
    ],
    "d1": [
        "3676549",
        "3676549",
        "36766861",
        "36766861",
        "3677809",
        "3677809"
    ],
    "d0": [
        "3676573",
        "3676573",
        "3676975",
        "3676975"
    ],
    "d2": [
        "3676594",
        "3676758",
        "3676758",
        "3676594",
        "36766860",
        "36766860"
    ],
    "d3": [
        "3676724",
        "3676724"
    ]
}