{
    "d1": [
        "34980270",
        "34980270",
        "34984750",
        "34984750",
        "34987380",
        "34987380"
    ],
    "d4": [
        "34980271",
        "3498030",
        "34980271",
        "3498030",
        "3498726",
        "3498726"
    ],
    "d3": [
        "3498124",
        "3498338",
        "3498338",
        "3498124",
        "3498556",
        "3498556",
        "3498788",
        "3498788"
    ],
    "d0": [
        "34984751",
        "34984751",
        "34987381",
        "34987381"
    ],
    "d2": [
        "3498524",
        "3498524"
    ]
}