{
    "d2": [
        "3485146",
        "3485146",
        "3485537",
        "3485537"
    ],
    "d0": [
        "3485293",
        "3485293",
        "34856760",
        "34856760",
        "3485746",
        "3485746"
    ],
    "d1": [
        "34854170",
        "34854170",
        "34856761",
        "34856761",
        "3486135",
        "3486135"
    ],
    "d4": [
        "34854171",
        "34854171",
        "3485607",
        "3485607"
    ],
    "d3": [
        "3485604",
        "3485604",
        "3486064",
        "3486064"
    ]
}