{
    "d1": [
        "36082850",
        "36082850",
        "36096580",
        "36096580"
    ],
    "d0": [
        "36082851",
        "36082851",
        "3608647",
        "3608583",
        "3608583",
        "3608647"
    ],
    "d2": [
        "3608362",
        "3608362",
        "3609537",
        "3609537",
        "3609363",
        "3609363"
    ],
    "d4": [
        "3608759",
        "3608759",
        "3609573",
        "3609573",
        "3609167",
        "3609167"
    ],
    "d3": [
        "36096581",
        "36096581"
    ]
}