{
    "d0": [
        "3498380",
        "3498380",
        "3498741",
        "3498741",
        "3499270",
        "3499270"
    ],
    "d3": [
        "3498580",
        "34990261",
        "34990261",
        "3498580"
    ],
    "d1": [
        "3498644",
        "3498644",
        "34990260",
        "34990260"
    ],
    "d4": [
        "3498890",
        "3498890",
        "3498999",
        "3498999"
    ],
    "d2": [
        "3499015",
        "3499015",
        "3499220",
        "3499220"
    ]
}