{
    "d0": [
        "3431075",
        "3431075",
        "3431837",
        "3431837",
        "3432430",
        "3432430"
    ],
    "d3": [
        "3431099",
        "3431099",
        "3431508",
        "3431508"
    ],
    "d1": [
        "3431520",
        "3431520",
        "3431997",
        "3431997"
    ],
    "d2": [
        "3431841",
        "3431841",
        "34323671",
        "34323671"
    ],
    "d4": [
        "3431951",
        "3431951",
        "34323670",
        "34323670"
    ]
}