{
    "d3": [
        "3520740",
        "3520740",
        "3521116",
        "3521116",
        "35215031",
        "35215031"
    ],
    "d0": [
        "3520888",
        "3520888",
        "3521785",
        "3521785"
    ],
    "d1": [
        "3520944",
        "3520944",
        "35215030",
        "35215030"
    ],
    "d2": [
        "3521192",
        "3521192",
        "3521485",
        "3521485"
    ],
    "d4": [
        "3521342",
        "3521342",
        "3521870",
        "3521870"
    ]
}