{
    "d4": [
        "3686045",
        "3686045",
        "3686520",
        "3686520"
    ],
    "d0": [
        "3686159",
        "3686159",
        "3686498",
        "3687118",
        "3687118",
        "3686498"
    ],
    "d1": [
        "36861920",
        "36861920"
    ],
    "d3": [
        "36861921",
        "3686468",
        "36861921",
        "3686937",
        "3686468",
        "3686937"
    ],
    "d2": [
        "3686195",
        "3686195",
        "36869581",
        "36869581",
        "36869580",
        "36869580"
    ]
}