{
    "d0": [
        "3403788",
        "3403811",
        "3403788",
        "3404031",
        "3403811",
        "3404031"
    ],
    "d1": [
        "3403859",
        "34039241",
        "34039241",
        "3403859"
    ],
    "d2": [
        "34039240",
        "34039240",
        "34039520",
        "34039520",
        "3404095",
        "3404095"
    ],
    "d3": [
        "3403949",
        "3403949"
    ],
    "d4": [
        "34039521",
        "34039521",
        "3404078",
        "3404111",
        "3404078",
        "3404111"
    ]
}