{
    "d0": [
        "3537361",
        "3537361",
        "3537500",
        "3537500",
        "35380571",
        "35380571"
    ],
    "d2": [
        "35373620",
        "35373620"
    ],
    "d3": [
        "3537721",
        "35373621",
        "3537721",
        "35373621",
        "3537998",
        "3537998"
    ],
    "d1": [
        "3537928",
        "3537497",
        "3537928",
        "3537497",
        "35380570",
        "35380570"
    ],
    "d4": [
        "3538372",
        "3537577",
        "3537577",
        "3538372"
    ]
}