{
    "d2": [
        "3565241",
        "3565241",
        "3565754",
        "3565754"
    ],
    "d1": [
        "3565709",
        "3565969",
        "3565709",
        "3565969",
        "3566362",
        "3566362"
    ],
    "d0": [
        "3565723",
        "3565723",
        "3566066",
        "3566066"
    ],
    "d3": [
        "3565941",
        "3565941",
        "3566415",
        "3566415"
    ],
    "d4": [
        "35660870",
        "35660870",
        "35660871",
        "35660871"
    ]
}