{
    "d4": [
        "3501574",
        "3501574",
        "3502052",
        "3502052"
    ],
    "d3": [
        "35017770",
        "35017770",
        "3502367",
        "3502367"
    ],
    "d2": [
        "35017771",
        "35017771",
        "3501948",
        "3502658",
        "3501948",
        "3502658"
    ],
    "d1": [
        "3501823",
        "3502692",
        "3501823",
        "3502692"
    ],
    "d0": [
        "3502555",
        "3502050",
        "3502555",
        "3502050"
    ]
}