{
    "d2": [
        "3641739",
        "3641739",
        "3642780",
        "3643095",
        "3642780",
        "3643095"
    ],
    "d4": [
        "3641747",
        "3641747",
        "36424001",
        "36424001",
        "36429100",
        "36429100"
    ],
    "d1": [
        "36424000",
        "36424000"
    ],
    "d3": [
        "3642401",
        "3642401",
        "3642659",
        "3642659",
        "36429101",
        "36429101"
    ],
    "d0": [
        "3642409",
        "3642409",
        "3643066",
        "3643066"
    ]
}