{
    "d0": [
        "36446120",
        "36446120",
        "3645043",
        "3645043"
    ],
    "d2": [
        "36446121",
        "36446121",
        "3645379",
        "3645379"
    ],
    "d1": [
        "3644760",
        "3644760",
        "3644920",
        "3644920",
        "3645066",
        "3645066",
        "3645727",
        "3645727"
    ],
    "d4": [
        "3644788",
        "3644788",
        "36451610",
        "36451610"
    ],
    "d3": [
        "3644906",
        "3644906",
        "36451611",
        "36451611"
    ]
}