{
    "d1": [
        "3466854",
        "3466854",
        "34676260",
        "34676260",
        "3467842",
        "3467842"
    ],
    "d0": [
        "3466958",
        "3466958",
        "3467480",
        "3467758",
        "3467758",
        "3467480"
    ],
    "d4": [
        "3467006",
        "3467006",
        "3467629",
        "3467629"
    ],
    "d3": [
        "3467222",
        "3467222"
    ],
    "d2": [
        "34676261",
        "34676261",
        "3467795",
        "3467795"
    ]
}