{
    "d3": [
        "3418506",
        "3418506",
        "34189831",
        "34189831",
        "3419229",
        "3419229"
    ],
    "d2": [
        "34185330",
        "34185330",
        "34189830",
        "34189830"
    ],
    "d1": [
        "34185331",
        "3419072",
        "3419072",
        "34185331",
        "3419385",
        "3419385"
    ],
    "d0": [
        "3418588",
        "3418588",
        "34192390",
        "34192390",
        "34192391",
        "3419542",
        "34192391",
        "3419542"
    ],
    "d4": [
        "3418635",
        "3418635"
    ]
}