{
    "d4": [
        "35228200",
        "35228200",
        "3523744",
        "3523744",
        "35239730",
        "35239730"
    ],
    "d1": [
        "35228201",
        "35228201",
        "3523849",
        "3523849"
    ],
    "d0": [
        "3523090",
        "3523090",
        "3523793",
        "3523793",
        "3523468",
        "3523468"
    ],
    "d2": [
        "3523173",
        "3523173",
        "3523350",
        "3523350",
        "35239731",
        "35239731"
    ],
    "d3": [
        "3523780",
        "3523780"
    ]
}