{
    "d4": [
        "3856263",
        "3856263",
        "3856380",
        "3856380",
        "3856924",
        "3856924",
        "38997371",
        "3857018",
        "38997371",
        "3857018"
    ],
    "d2": [
        "3856421",
        "3856421",
        "38568870",
        "38568870"
    ],
    "d0": [
        "38568871",
        "38568871",
        "3899910",
        "3899910"
    ],
    "d3": [
        "3856997",
        "3856997"
    ],
    "d1": [
        "38997370",
        "38997370"
    ]
}