{
    "d2": [
        "35199080",
        "35199080",
        "3520287",
        "3520988",
        "3520287",
        "3520988"
    ],
    "d0": [
        "35199081",
        "35199081",
        "3520346",
        "3520346"
    ],
    "d4": [
        "35199630",
        "35199630",
        "3520967",
        "3520967"
    ],
    "d3": [
        "35199631",
        "3520080",
        "35199631",
        "3520865",
        "3520080",
        "3520865"
    ],
    "d1": [
        "3520132",
        "3520132",
        "3521022",
        "3521022"
    ]
}