{
    "d2": [
        "3692054",
        "3692054",
        "36926570",
        "36926570",
        "3692945",
        "3692945"
    ],
    "d4": [
        "3692176",
        "3692176",
        "3692797",
        "3692968",
        "3692797",
        "3692968"
    ],
    "d0": [
        "3692251",
        "3692251",
        "3692865",
        "3692865"
    ],
    "d1": [
        "3692474",
        "36926571",
        "3692474",
        "36926571"
    ],
    "d3": [
        "36926781",
        "36926781",
        "36926780",
        "36926780"
    ]
}