{
    "d4": [
        "3642533",
        "3642533",
        "36427761",
        "36427761",
        "3643535",
        "3643535",
        "3643852",
        "3643852"
    ],
    "d3": [
        "3642674",
        "3642674",
        "36428120",
        "36428120"
    ],
    "d2": [
        "3642734",
        "3642734",
        "3643811",
        "3643811"
    ],
    "d1": [
        "36427760",
        "36427760",
        "3643279",
        "3643279"
    ],
    "d0": [
        "36428121",
        "36428121",
        "3642961",
        "3642961"
    ]
}