{
    "d3": [
        "3693058",
        "3693058",
        "3693281",
        "36937671",
        "3693281",
        "36937671"
    ],
    "d0": [
        "36932651",
        "36932651",
        "36932650",
        "36932650",
        "36937670",
        "36937670"
    ],
    "d2": [
        "3693348",
        "3693348",
        "3693812",
        "3693850",
        "3693812",
        "3693850"
    ],
    "d1": [
        "3693356",
        "3693356",
        "3693594",
        "3693594"
    ],
    "d4": [
        "3693595",
        "3693595"
    ]
}