{
    "d3": [
        "3398480",
        "3398347",
        "3398480",
        "3398347"
    ],
    "d1": [
        "3398375",
        "3398375",
        "33983761",
        "33983761",
        "3398400",
        "3398400",
        "33983760",
        "33983760"
    ],
    "d0": [
        "3398421",
        "3398421"
    ],
    "d4": [
        "3398444",
        "3398444",
        "3398458",
        "3398458"
    ],
    "d2": [
        "3398468",
        "3398468",
        "3398466",
        "3398466"
    ]
}