{
    "d0": [
        "3590786",
        "3590786",
        "3591318",
        "3591318",
        "3591409",
        "3591409"
    ],
    "d2": [
        "35910181",
        "35910181",
        "3591610",
        "3591610",
        "35910180",
        "35910180"
    ],
    "d3": [
        "3591407",
        "3591407",
        "3591417",
        "3591417"
    ],
    "d1": [
        "3591465",
        "3591465"
    ],
    "d4": [
        "3591762",
        "3591762",
        "3591842",
        "3591842"
    ]
}