{
    "d1": [
        "3470361",
        "3470361",
        "34705321",
        "34705321",
        "34707690",
        "34707690"
    ],
    "d3": [
        "3470429",
        "3470429",
        "3470694",
        "3470694",
        "34707691",
        "34707691"
    ],
    "d2": [
        "34704300",
        "34704300",
        "34705320",
        "34705320"
    ],
    "d4": [
        "34704301",
        "34704301",
        "3471060",
        "3470644",
        "3471060",
        "3470644"
    ],
    "d0": [
        "3470444",
        "3470444",
        "3470616",
        "3470616"
    ]
}