{
    "d3": [
        "3659518",
        "3660277",
        "3659518",
        "3660277",
        "36602000",
        "36602000"
    ],
    "d1": [
        "36595400",
        "36595400",
        "3659855",
        "3659647",
        "3659855",
        "3659647"
    ],
    "d0": [
        "36595401",
        "36595401",
        "3660606",
        "3660606"
    ],
    "d2": [
        "3659825",
        "3659825",
        "3660425",
        "3660425"
    ],
    "d4": [
        "36602001",
        "36602001",
        "3660864",
        "3660864"
    ]
}