{
    "d3": [
        "35151570",
        "35151570",
        "3515294",
        "3515294",
        "3516088",
        "3516088"
    ],
    "d4": [
        "35151571",
        "35151571",
        "3515253",
        "3515253",
        "35159710",
        "35159710"
    ],
    "d0": [
        "35152290",
        "35152290",
        "35159711",
        "35159711"
    ],
    "d2": [
        "35152291",
        "35152291",
        "3515788",
        "3515788",
        "3516086",
        "3516086"
    ],
    "d1": [
        "3516205",
        "3516205",
        "3516308",
        "3516308"
    ]
}