{
    "d3": [
        "3437869",
        "3437869",
        "3438149",
        "3438149",
        "34387330",
        "34387330"
    ],
    "d4": [
        "3437899",
        "3437899",
        "34386260",
        "34386260"
    ],
    "d0": [
        "3438219",
        "3438219",
        "34387331",
        "3439193",
        "3439193",
        "34387331"
    ],
    "d1": [
        "3438609",
        "3438609",
        "3439444",
        "3439444"
    ],
    "d2": [
        "34386261",
        "34386261",
        "3439455",
        "3439455"
    ]
}