{
    "d1": [
        "3498151",
        "3498274",
        "3498151",
        "3498274",
        "3498701",
        "3498701"
    ],
    "d4": [
        "3498170",
        "3498170",
        "3498423",
        "3498423",
        "3499080",
        "3499080"
    ],
    "d0": [
        "3498256",
        "3498256",
        "3498291",
        "3498291"
    ],
    "d3": [
        "3499016",
        "3499016",
        "34990630",
        "34990630"
    ],
    "d2": [
        "34990631",
        "34990631"
    ]
}