{
    "d3": [
        "3626861",
        "3626861",
        "3627213",
        "36283541",
        "3627213",
        "36283541"
    ],
    "d4": [
        "3626943",
        "36273131",
        "3627365",
        "3626943",
        "36273131",
        "3627365",
        "3627186",
        "3627186"
    ],
    "d2": [
        "36273130",
        "36273130",
        "3628467",
        "3628467"
    ],
    "d0": [
        "36273250",
        "36273250"
    ],
    "d1": [
        "36273251",
        "3628365",
        "36273251",
        "3628365",
        "36283540",
        "36283540"
    ]
}