{
    "d3": [
        "3595616",
        "3595616",
        "3595967",
        "3595967"
    ],
    "d0": [
        "3595656",
        "3595656",
        "3596600",
        "3596600",
        "3596708",
        "3596708"
    ],
    "d1": [
        "3595863",
        "3595863",
        "3596196",
        "3596196"
    ],
    "d2": [
        "35962200",
        "35962200"
    ],
    "d4": [
        "35962201",
        "35962201",
        "3596604",
        "3596604",
        "3597035",
        "3597035"
    ]
}