{
    "d1": [
        "3418566",
        "3418566",
        "3419238",
        "3419238",
        "3419269",
        "3419269",
        "3419527",
        "3419527"
    ],
    "d3": [
        "34187400",
        "34187400"
    ],
    "d0": [
        "34187401",
        "34187401",
        "3419447",
        "3419447"
    ],
    "d4": [
        "3419042",
        "3419042",
        "3419350",
        "3419350"
    ],
    "d2": [
        "3419061",
        "3419061",
        "3419316",
        "3419316"
    ]
}