{
    "d1": [
        "3589971",
        "3589971",
        "35898980",
        "35898980",
        "3590819",
        "3590819"
    ],
    "d4": [
        "35898981",
        "35898981",
        "35902510",
        "35902510"
    ],
    "d0": [
        "3590097",
        "3590325",
        "3590097",
        "3590325",
        "35907461",
        "35907461"
    ],
    "d3": [
        "3590180",
        "3590180",
        "3590766",
        "3590766"
    ],
    "d2": [
        "35902511",
        "3590662",
        "35902511",
        "3590662",
        "35907460",
        "35907460"
    ]
}