{
    "d1": [
        "3676406",
        "3676406",
        "3677493",
        "3677493"
    ],
    "d3": [
        "3676411",
        "3676411",
        "3676691",
        "3676691",
        "3676843",
        "3676843"
    ],
    "d0": [
        "3676451",
        "3676451",
        "3677390",
        "3677390",
        "3677502",
        "3677502"
    ],
    "d2": [
        "36766860",
        "36766860"
    ],
    "d4": [
        "36766861",
        "3676800",
        "36766861",
        "3676800"
    ]
}