{
    "d1": [
        "35598650",
        "35598650",
        "3561032",
        "3561032"
    ],
    "d3": [
        "35598651",
        "35598651",
        "3560253",
        "3560253",
        "3560317",
        "3560317"
    ],
    "d0": [
        "3560611",
        "3560128",
        "3560611",
        "3560653",
        "3560128",
        "3560653"
    ],
    "d4": [
        "3560249",
        "3560249",
        "3560891",
        "3560891"
    ],
    "d2": [
        "3560823",
        "3560823"
    ]
}