{
    "d1": [
        "3432627",
        "3432627",
        "3433579",
        "3433579"
    ],
    "d0": [
        "3432658",
        "3433446",
        "3432658",
        "3433446",
        "34338230",
        "34338230"
    ],
    "d4": [
        "3432659",
        "3433142",
        "3432659",
        "3433142",
        "34338231",
        "34338231"
    ],
    "d3": [
        "3432965",
        "3432965",
        "3433595",
        "3433595"
    ],
    "d2": [
        "3433412",
        "3433412"
    ]
}