{
    "d1": [
        "3391958",
        "3391958",
        "3392147",
        "3392147"
    ],
    "d3": [
        "3391977",
        "3391977",
        "3392184",
        "3392184",
        "3392220",
        "3392220"
    ],
    "d2": [
        "3392059",
        "3392059",
        "33921220",
        "33921220"
    ],
    "d0": [
        "3392117",
        "3392117",
        "3392198",
        "3392198"
    ],
    "d4": [
        "33921221",
        "33921221",
        "3392158",
        "3392158"
    ]
}