{
    "d3": [
        "36884230",
        "36884230",
        "36879420",
        "36879420",
        "3688980",
        "3688980",
        "3688967",
        "3688967"
    ],
    "d2": [
        "36879421",
        "3688284",
        "36879421",
        "36884811",
        "3688284",
        "36884811"
    ],
    "d1": [
        "36884231",
        "36884231",
        "36886801",
        "36886801",
        "3688561",
        "3688561",
        "36886800",
        "36886800"
    ],
    "d4": [
        "3688443",
        "3688736",
        "3688443",
        "3688736"
    ],
    "d0": [
        "36884810",
        "36884810"
    ]
}