{
    "d3": [
        "34569500",
        "34569500",
        "34577440",
        "34577440",
        "3458004",
        "3458004"
    ],
    "d2": [
        "34569501",
        "34569501",
        "3457674",
        "3457674",
        "3457526",
        "3457526"
    ],
    "d0": [
        "3457007",
        "3457007",
        "34572981",
        "34572981",
        "34578791",
        "34578791"
    ],
    "d1": [
        "34572980",
        "34572980",
        "3457206",
        "3457206",
        "34578790",
        "34578790"
    ],
    "d4": [
        "3457393",
        "3457393",
        "34577441",
        "34577441"
    ]
}