{
    "d1": [
        "3631345",
        "3631345",
        "3631994",
        "3631994"
    ],
    "d4": [
        "3631741",
        "3631741",
        "3632681",
        "3631399",
        "3632681",
        "3631399"
    ],
    "d2": [
        "3632676",
        "3631904",
        "3632676",
        "3631904",
        "36324360",
        "36324360"
    ],
    "d0": [
        "3632156",
        "3632156"
    ],
    "d3": [
        "36324361",
        "3632340",
        "36324361",
        "3632340"
    ]
}