{
    "d2": [
        "35758370",
        "35758370",
        "3576263",
        "3576263"
    ],
    "d4": [
        "35758371",
        "35758371",
        "3576233",
        "3576233",
        "3576921",
        "3576921",
        "3577232",
        "3577232"
    ],
    "d0": [
        "3576095",
        "3576095",
        "3576392",
        "3576392",
        "3577244",
        "3577244"
    ],
    "d1": [
        "3576658",
        "3576658"
    ],
    "d3": [
        "3576946",
        "3576946"
    ]
}