{
    "d1": [
        "3441600",
        "3441600",
        "3441995",
        "3441995"
    ],
    "d4": [
        "3441662",
        "3441662",
        "34424561",
        "34424561"
    ],
    "d0": [
        "3441794",
        "3442169",
        "3441794",
        "3442169"
    ],
    "d2": [
        "3441812",
        "3441812",
        "3442469",
        "3442469",
        "34424560",
        "34424560"
    ],
    "d3": [
        "3442231",
        "3442182",
        "3442231",
        "3442182"
    ]
}