{
    "d4": [
        "35612420",
        "35612420",
        "3561973",
        "3562387",
        "3561973",
        "3562387"
    ],
    "d2": [
        "35612421",
        "3561982",
        "35612421",
        "3561982"
    ],
    "d3": [
        "35613290",
        "35613290",
        "3562242",
        "3562242"
    ],
    "d1": [
        "35613291",
        "3561461",
        "3561461",
        "35613291",
        "3561984",
        "3561946",
        "3561984",
        "3561946"
    ],
    "d0": [
        "3561545",
        "3561545"
    ]
}