{
    "d2": [
        "3686523",
        "3686523",
        "3687280",
        "3687102",
        "3687280",
        "3687102"
    ],
    "d1": [
        "3686589",
        "3686673",
        "3686589",
        "3686673"
    ],
    "d4": [
        "36866121",
        "36866121",
        "36866120",
        "36866120"
    ],
    "d3": [
        "36867370",
        "36867370",
        "3687254",
        "3687254"
    ],
    "d0": [
        "36867371",
        "36867371",
        "3687291",
        "3687134",
        "3687291",
        "3687134"
    ]
}