{
    "d4": [
        "3438866",
        "34392101",
        "3438866",
        "34392101",
        "3440043",
        "3440043"
    ],
    "d3": [
        "34392100",
        "34392100",
        "3440036",
        "3440036"
    ],
    "d1": [
        "3439958",
        "3439323",
        "3439958",
        "3439323"
    ],
    "d0": [
        "3439324",
        "3439324",
        "3439401",
        "3439796",
        "3439401",
        "3439796"
    ],
    "d2": [
        "3439966",
        "3439966"
    ]
}