{
    "d4": [
        "3603075",
        "3603075",
        "36037061",
        "36037061",
        "3604639",
        "3604639"
    ],
    "d1": [
        "36030780",
        "36030780",
        "3604638",
        "3604638"
    ],
    "d0": [
        "36030781",
        "36030781",
        "3603874",
        "3603874",
        "3604634",
        "3604634"
    ],
    "d3": [
        "3603119",
        "3603119",
        "3604144",
        "3604144"
    ],
    "d2": [
        "3603318",
        "3603318",
        "36037060",
        "36037060"
    ]
}