{
    "d0": [
        "35513230",
        "35513230",
        "3551436",
        "3551436"
    ],
    "d2": [
        "3551341",
        "35513231",
        "3551341",
        "35513231",
        "3551879",
        "3551879"
    ],
    "d3": [
        "3552511",
        "3551543",
        "3552511",
        "3551543"
    ],
    "d1": [
        "3551551",
        "3551723",
        "3551551",
        "3551723"
    ],
    "d4": [
        "3551672",
        "3552044",
        "3552044",
        "3551672"
    ]
}