{
    "d3": [
        "3590515",
        "3591559",
        "3590515",
        "3591559",
        "3591068",
        "3591068"
    ],
    "d4": [
        "35906800",
        "35906800",
        "3591138",
        "3591138",
        "3591497",
        "3591497"
    ],
    "d0": [
        "35906801",
        "35906801",
        "3591966",
        "3591966"
    ],
    "d1": [
        "3590740",
        "3590740",
        "3591173",
        "3591173"
    ],
    "d2": [
        "3590749",
        "3590749"
    ]
}