{
    "d0": [
        "3478728",
        "3478728",
        "3479509",
        "3479509"
    ],
    "d3": [
        "3478857",
        "3478857",
        "3479249",
        "3478990",
        "3479249",
        "3478990"
    ],
    "d1": [
        "3479173",
        "3479173",
        "34799331",
        "34799331"
    ],
    "d2": [
        "3479331",
        "3479331",
        "3479856",
        "3479553",
        "3479553",
        "3479856"
    ],
    "d4": [
        "34799330",
        "34799330"
    ]
}