{
    "d2": [
        "3641092",
        "3641092",
        "36416070",
        "36416070"
    ],
    "d4": [
        "3641308",
        "3641308",
        "3642262",
        "3642262"
    ],
    "d0": [
        "3641473",
        "3641974",
        "3641974",
        "3641473",
        "3642040",
        "3642040"
    ],
    "d1": [
        "36416071",
        "36416071",
        "3642311",
        "3642311"
    ],
    "d3": [
        "3642018",
        "3642018",
        "3642048",
        "3642048"
    ]
}