{
    "d0": [
        "3504173",
        "3504173",
        "35043250",
        "35043250",
        "35049910",
        "35049910"
    ],
    "d4": [
        "35043251",
        "35043251",
        "35049911",
        "35049911",
        "3504825",
        "3504825"
    ],
    "d1": [
        "3504630",
        "3504630",
        "3505237",
        "3505237"
    ],
    "d3": [
        "3504710",
        "3504710",
        "35050790",
        "35050790",
        "35050791",
        "35050791"
    ],
    "d2": [
        "3504882",
        "3505214",
        "3505214",
        "3504882"
    ]
}