{
    "d2": [
        "3480442",
        "3480442",
        "3480974",
        "3480974"
    ],
    "d1": [
        "3480627",
        "3480627",
        "34807441",
        "34807441",
        "3481039",
        "3481039"
    ],
    "d0": [
        "3480656",
        "3480656"
    ],
    "d4": [
        "3480968",
        "34807881",
        "3480968",
        "3480664",
        "34807881",
        "3480664"
    ],
    "d3": [
        "34807440",
        "34807440",
        "34807880",
        "34807880"
    ]
}