{
    "d2": [
        "35894061",
        "35894061",
        "35894060",
        "35894060",
        "3590681",
        "3590681"
    ],
    "d1": [
        "35896690",
        "35896690",
        "3590994",
        "3590994"
    ],
    "d3": [
        "35896691",
        "35896691",
        "35898981",
        "35898981",
        "3590934",
        "3590934"
    ],
    "d0": [
        "3589850",
        "3589850",
        "3590180",
        "3590180"
    ],
    "d4": [
        "35898980",
        "35898980",
        "3590117",
        "3590117"
    ]
}