{
    "d3": [
        "33923860",
        "33923860",
        "3392479",
        "3392479",
        "3392558",
        "3392558"
    ],
    "d2": [
        "33923861",
        "33923861",
        "3392541",
        "3392541"
    ],
    "d4": [
        "3392396",
        "3392396",
        "3392547",
        "3392547"
    ],
    "d1": [
        "3392421",
        "3392421",
        "3392672",
        "3392672"
    ],
    "d0": [
        "3392441",
        "3392441",
        "3392555",
        "3392555"
    ]
}