{
    "d2": [
        "3498545",
        "3498545",
        "3499345",
        "3499436",
        "3499436",
        "3499345"
    ],
    "d1": [
        "34985771",
        "3498575",
        "34985771",
        "3498575",
        "3499725",
        "3499725"
    ],
    "d3": [
        "34985770",
        "34985770",
        "3499370",
        "3499370"
    ],
    "d4": [
        "3498696",
        "3498696",
        "3498898",
        "3498898"
    ],
    "d0": [
        "3499597",
        "3499597"
    ]
}