{
    "d3": [
        "3676340",
        "3676340",
        "3677354",
        "3677354",
        "3677535",
        "3677586",
        "3677535",
        "3677586"
    ],
    "d2": [
        "3676411",
        "3676411",
        "3677469",
        "3677469"
    ],
    "d1": [
        "3677101",
        "3677101",
        "36775510",
        "36775510"
    ],
    "d0": [
        "3677138",
        "3677138",
        "36775511",
        "36775511"
    ],
    "d4": [
        "3677345",
        "3677345"
    ]
}