{
    "d4": [
        "3448430",
        "3448468",
        "3448430",
        "3448468",
        "3449643",
        "3449643"
    ],
    "d1": [
        "3448435",
        "3448435",
        "34494440",
        "34494440"
    ],
    "d0": [
        "3448686",
        "3448686",
        "34492640",
        "34492640"
    ],
    "d3": [
        "3448700",
        "3448700",
        "34492641",
        "34492641"
    ],
    "d2": [
        "3448714",
        "3448714",
        "3449804",
        "34494441",
        "3449804",
        "34494441"
    ]
}