{
    "d3": [
        "3486588",
        "3486588",
        "3487165",
        "3487165",
        "34872421",
        "34872421",
        "34872420",
        "34872420"
    ],
    "d4": [
        "3486719",
        "3486719",
        "3486730",
        "3486730",
        "3487453",
        "3487453"
    ],
    "d2": [
        "3487101",
        "3487101"
    ],
    "d0": [
        "3487131",
        "3487131"
    ],
    "d1": [
        "3487589",
        "3487589",
        "3487661",
        "3487661"
    ]
}