{
    "d0": [
        "3690767",
        "3690767",
        "3690110",
        "36910321",
        "3690110",
        "36910321"
    ],
    "d4": [
        "3690144",
        "3690144",
        "3690868",
        "3690868"
    ],
    "d3": [
        "3690226",
        "3690226",
        "36910320",
        "36910320"
    ],
    "d2": [
        "3690444",
        "3690444",
        "3690579",
        "3690579"
    ],
    "d1": [
        "3690647",
        "36906861",
        "3690647",
        "36906861",
        "36906860",
        "36906860"
    ]
}