{
    "d3": [
        "3489057",
        "3489057",
        "34894420",
        "34894420"
    ],
    "d2": [
        "3489291",
        "3489291",
        "34894421",
        "34894421",
        "3489718",
        "3489718",
        "3489825",
        "3489825"
    ],
    "d1": [
        "3489319",
        "3489319"
    ],
    "d0": [
        "34896150",
        "34896150",
        "3489972",
        "3489972",
        "3490030",
        "3490030"
    ],
    "d4": [
        "34896151",
        "34896151",
        "3490006",
        "3490006"
    ]
}