{
    "d4": [
        "3415918",
        "3415918",
        "3416526",
        "3416526",
        "3416571",
        "3416571",
        "34168211",
        "34168211",
        "3416889",
        "3416889"
    ],
    "d1": [
        "3416235",
        "3416235",
        "34168600",
        "34168600",
        "34162560",
        "34162560"
    ],
    "d3": [
        "34162561",
        "34162561",
        "34168601",
        "34168601"
    ],
    "d2": [
        "34164431",
        "34164431",
        "34164430",
        "34164430",
        "34168210",
        "34168210"
    ],
    "d0": [
        "3416542",
        "3416542"
    ]
}