{
    "d3": [
        "34532390",
        "34532390",
        "3453632",
        "3453632",
        "3453992",
        "3453992"
    ],
    "d2": [
        "34532391",
        "34532391",
        "3454126",
        "34537001",
        "3454126",
        "34537001"
    ],
    "d0": [
        "3453563",
        "3453563",
        "3453879",
        "3453879"
    ],
    "d1": [
        "3453630",
        "3454071",
        "3453630",
        "3454209",
        "3454071",
        "3454209"
    ],
    "d4": [
        "34537000",
        "34537000"
    ]
}