{
    "d1": [
        "3660482",
        "3660482",
        "36615861",
        "36615861",
        "3661730",
        "3661730"
    ],
    "d4": [
        "3660715",
        "3660715",
        "36616051",
        "36616051"
    ],
    "d0": [
        "36614431",
        "36614431",
        "3660915",
        "3660915"
    ],
    "d2": [
        "3660988",
        "3660988",
        "36615860",
        "36615860",
        "36616050",
        "36616050"
    ],
    "d3": [
        "3661421",
        "3661421",
        "36614430",
        "36614430",
        "3661456",
        "3661456"
    ]
}