{
    "d3": [
        "3393536",
        "3393536",
        "3393674",
        "3393674",
        "3393683",
        "3393683"
    ],
    "d2": [
        "33935650",
        "33935650"
    ],
    "d0": [
        "33935651",
        "3393618",
        "3393618",
        "3393813",
        "33935651",
        "3393813"
    ],
    "d1": [
        "3393665",
        "3393665",
        "3393700",
        "3393715",
        "3393700",
        "3393715"
    ],
    "d4": [
        "3393722",
        "3393722"
    ]
}