{
    "d3": [
        "36680490",
        "36680490",
        "3668959",
        "3668959"
    ],
    "d1": [
        "36680491",
        "36680491",
        "3668547",
        "3668547"
    ],
    "d0": [
        "3668112",
        "3668112",
        "3668725",
        "36688561",
        "3668725",
        "36688561"
    ],
    "d4": [
        "3668229",
        "3668229",
        "3668683",
        "3668683",
        "3669086",
        "3669086"
    ],
    "d2": [
        "3668233",
        "3668233",
        "36688560",
        "36688560"
    ]
}