{
    "d1": [
        "3432730",
        "3431416",
        "3432730",
        "3431416",
        "3431660",
        "3431660"
    ],
    "d2": [
        "3432141",
        "3432141",
        "34324670",
        "34324670"
    ],
    "d0": [
        "3432205",
        "3432376",
        "3432205",
        "3432376"
    ],
    "d4": [
        "3432594",
        "3432594",
        "3432386",
        "3432386"
    ],
    "d3": [
        "34324671",
        "34324671",
        "3432776",
        "3432776"
    ]
}