{
    "d0": [
        "3560471",
        "3560743",
        "3560471",
        "3560743",
        "35612050",
        "35612050"
    ],
    "d3": [
        "3560505",
        "3560925",
        "3560925",
        "3560505",
        "3561576",
        "3561576"
    ],
    "d1": [
        "3560549",
        "35612051",
        "3560549",
        "35612051"
    ],
    "d2": [
        "3561571",
        "3560860",
        "3561571",
        "3560860"
    ],
    "d4": [
        "3561420",
        "3561420"
    ]
}