{
    "d3": [
        "3484714",
        "3484714",
        "3485304",
        "3485708",
        "3485304",
        "3485708"
    ],
    "d1": [
        "3484849",
        "34850821",
        "34850821",
        "3484849",
        "3485565",
        "3485565"
    ],
    "d2": [
        "3484863",
        "3484863"
    ],
    "d0": [
        "3484887",
        "3484887",
        "34850820",
        "34850820"
    ],
    "d4": [
        "3484890",
        "3484890",
        "3485602",
        "3485602"
    ]
}