{
    "d1": [
        "3442746",
        "3442746"
    ],
    "d4": [
        "3442780",
        "3442780",
        "3443711",
        "3443323",
        "3443323",
        "3443711",
        "3443915",
        "3443915"
    ],
    "d0": [
        "3442838",
        "3442838",
        "3444248",
        "3444248"
    ],
    "d3": [
        "3443406",
        "3443406"
    ],
    "d2": [
        "3443574",
        "34440861",
        "34440861",
        "3443574",
        "34440860",
        "34440860"
    ]
}