{
    "d4": [
        "3591447",
        "3591447",
        "35919081",
        "35919081",
        "3592521",
        "3592521"
    ],
    "d2": [
        "35922851",
        "3591601",
        "35922851",
        "3592053",
        "3591601",
        "3592053",
        "3592354",
        "3592354"
    ],
    "d0": [
        "35919080",
        "35919080"
    ],
    "d3": [
        "35922850",
        "35922850",
        "3592787",
        "3592787"
    ],
    "d1": [
        "3592477",
        "3592493",
        "3592477",
        "3592493"
    ]
}