{
    "d4": [
        "3387608",
        "3387608",
        "3387975",
        "3387562",
        "3387975",
        "3387562"
    ],
    "d1": [
        "3387916",
        "3387756",
        "3387916",
        "3387756"
    ],
    "d2": [
        "33877820",
        "33877820",
        "3387986",
        "3387986"
    ],
    "d3": [
        "33877821",
        "33877821",
        "3388007",
        "3388007",
        "3388065",
        "3388065"
    ],
    "d0": [
        "3387974",
        "3387974"
    ]
}