{
    "d4": [
        "3438094",
        "3438094",
        "3438280",
        "3438280",
        "34386981",
        "34386981",
        "3439237",
        "3439237"
    ],
    "d1": [
        "34382290",
        "34382290",
        "3438501",
        "3438501",
        "34386980",
        "34386980"
    ],
    "d3": [
        "34382291",
        "3438376",
        "34382291",
        "3438376",
        "3439406",
        "3439406"
    ],
    "d2": [
        "3438427",
        "3438427"
    ],
    "d0": [
        "3438629",
        "3438629"
    ]
}