{
    "d1": [
        "11559631",
        "11559631",
        "3856999",
        "3856999",
        "3900924",
        "3900924"
    ],
    "d3": [
        "3898266",
        "3898266",
        "3899062",
        "3899062",
        "38998820",
        "38998820"
    ],
    "d0": [
        "3857025",
        "3857001",
        "3857025",
        "3857001"
    ],
    "d4": [
        "3899859",
        "3899859"
    ],
    "d2": [
        "3900832",
        "38998821",
        "3900832",
        "38998821"
    ]
}