{
    "d4": [
        "3537950",
        "3537950",
        "3537983",
        "3537983",
        "3539128",
        "3539128"
    ],
    "d1": [
        "3538101",
        "3538101",
        "35385950",
        "35385950"
    ],
    "d2": [
        "3538245",
        "3538245",
        "3538830",
        "3538830",
        "3539169",
        "3539169"
    ],
    "d0": [
        "3538562",
        "3538562",
        "3539014",
        "3539014"
    ],
    "d3": [
        "35385951",
        "35385951"
    ]
}