{
    "d2": [
        "3676446",
        "3676446",
        "3677289",
        "3676893",
        "3677289",
        "3677363",
        "3676893",
        "3677363"
    ],
    "d3": [
        "3676609",
        "3676609",
        "3676936",
        "3676936",
        "36776031",
        "36776031"
    ],
    "d0": [
        "3677146",
        "3677146"
    ],
    "d4": [
        "3677257",
        "3677257"
    ],
    "d1": [
        "3677325",
        "3677325",
        "36776030",
        "36776030"
    ]
}