{
    "d4": [
        "3661522",
        "3661522",
        "36617240",
        "36617240",
        "3662308",
        "3662308"
    ],
    "d0": [
        "36617241",
        "36617241",
        "36624500",
        "36624500"
    ],
    "d1": [
        "36624501",
        "36624501",
        "3662068",
        "3662068",
        "3662304",
        "3662304"
    ],
    "d2": [
        "3662205",
        "3662205",
        "36626541",
        "36626541"
    ],
    "d3": [
        "3662283",
        "3662749",
        "3662283",
        "3662749",
        "36626540",
        "36626540"
    ]
}