{
    "d1": [
        "3481694",
        "3481694",
        "34819440",
        "34819440"
    ],
    "d0": [
        "3481708",
        "3481708",
        "34819441",
        "34819441",
        "34825700",
        "34825700"
    ],
    "d2": [
        "3481884",
        "3482314",
        "3481884",
        "3482314",
        "34825701",
        "34825701"
    ],
    "d4": [
        "3481938",
        "3481938",
        "3482124",
        "3482124"
    ],
    "d3": [
        "3482378",
        "3482197",
        "3482378",
        "3482197"
    ]
}