{
    "d2": [
        "3611688",
        "3611688",
        "3611799",
        "3611799",
        "36126221",
        "36126221"
    ],
    "d3": [
        "3611711",
        "3611711",
        "3612377",
        "3612377",
        "3613476",
        "3613476"
    ],
    "d4": [
        "36122770",
        "36122770",
        "3613154",
        "3613154"
    ],
    "d0": [
        "36122771",
        "36122771",
        "3612779",
        "3612779",
        "3613148",
        "3613148"
    ],
    "d1": [
        "36126220",
        "36126220"
    ]
}