{
    "d0": [
        "3531415",
        "3531582",
        "3531582",
        "3531415",
        "3532759",
        "3532759"
    ],
    "d2": [
        "3531460",
        "3531460",
        "35316550",
        "35316550"
    ],
    "d3": [
        "3531548",
        "3531548",
        "3532102",
        "3532113",
        "3532102",
        "3532113"
    ],
    "d4": [
        "35316551",
        "35316551",
        "3532257",
        "3532257"
    ],
    "d1": [
        "3532120",
        "3532120"
    ]
}