{
    "d4": [
        "3595851",
        "3595851",
        "3596823",
        "3596823"
    ],
    "d3": [
        "3595929",
        "3595929",
        "3596115",
        "3596115"
    ],
    "d1": [
        "3596150",
        "3596150",
        "3596402",
        "3596402",
        "35974871",
        "35974871"
    ],
    "d2": [
        "3596335",
        "3596335",
        "3597482",
        "3597482",
        "35974870",
        "35974870"
    ],
    "d0": [
        "3597262",
        "3597262"
    ]
}