{
    "d1": [
        "3405618",
        "3405733",
        "3405769",
        "3405618",
        "3405733",
        "3405769",
        "34057651",
        "34057651"
    ],
    "d2": [
        "3405716",
        "3405716",
        "3406078",
        "3406078"
    ],
    "d4": [
        "3405741",
        "3405741",
        "3405872",
        "3405872"
    ],
    "d3": [
        "3405760",
        "3405760",
        "3405766",
        "3405766"
    ],
    "d0": [
        "34057650",
        "34057650"
    ]
}