{
    "d2": [
        "3481745",
        "3481852",
        "3481745",
        "3482272",
        "3481852",
        "3482272"
    ],
    "d4": [
        "3482573",
        "3481820",
        "3481820",
        "3482573",
        "3482453",
        "3482453"
    ],
    "d0": [
        "34819820",
        "34819820",
        "3482107",
        "3482107"
    ],
    "d3": [
        "34819821",
        "34819821",
        "34826940",
        "34826940"
    ],
    "d1": [
        "34826941",
        "3482626",
        "34826941",
        "3482626"
    ]
}