{
    "d1": [
        "34524510",
        "34524510",
        "3453343",
        "3453343",
        "3452491",
        "3452491"
    ],
    "d3": [
        "34524511",
        "34524511",
        "3452854",
        "3452854",
        "3453701",
        "3453701"
    ],
    "d4": [
        "3452453",
        "3452453",
        "3453424",
        "3453424"
    ],
    "d0": [
        "3452600",
        "3452600",
        "3453484",
        "3453484"
    ],
    "d2": [
        "3453755",
        "3453755"
    ]
}