{
    "d4": [
        "34118860",
        "34118860",
        "3412553",
        "3412553"
    ],
    "d2": [
        "34118861",
        "3412610",
        "34118861",
        "3412610",
        "3412191",
        "3412191"
    ],
    "d1": [
        "3412074",
        "3412074",
        "34127831",
        "34127831"
    ],
    "d3": [
        "3412139",
        "3412139",
        "3412493",
        "3412493",
        "3412653",
        "3412653"
    ],
    "d0": [
        "3412277",
        "3412277",
        "34127830",
        "34127830"
    ]
}