{
    "d1": [
        "3623871",
        "36245241",
        "3623871",
        "36245241",
        "3624554",
        "3624554"
    ],
    "d2": [
        "3624178",
        "3624178",
        "36246771",
        "3624879",
        "36246771",
        "3624879"
    ],
    "d0": [
        "3624466",
        "3624466",
        "3625427",
        "3625427"
    ],
    "d4": [
        "36245240",
        "36245240",
        "3625329",
        "3625329"
    ],
    "d3": [
        "36246770",
        "36246770",
        "3625344",
        "3625344"
    ]
}