{
    "d3": [
        "3434536",
        "3434536",
        "3435051",
        "3435051",
        "34352211",
        "34352211"
    ],
    "d0": [
        "34346320",
        "34346320",
        "3435519",
        "3435519",
        "34352210",
        "34352210"
    ],
    "d4": [
        "34346321",
        "34346321",
        "34350411",
        "34350411",
        "3435416",
        "3435416"
    ],
    "d2": [
        "3434638",
        "3434638",
        "3435001",
        "3435001",
        "3435814",
        "3435814"
    ],
    "d1": [
        "34350410",
        "34350410"
    ]
}