{
    "d0": [
        "3527605",
        "3527605",
        "35282851",
        "3528538",
        "35282851",
        "3528538"
    ],
    "d1": [
        "3527633",
        "3527633",
        "35282850",
        "35282850"
    ],
    "d3": [
        "3527960",
        "3527960",
        "3528757",
        "3528757"
    ],
    "d2": [
        "3528009",
        "3528009",
        "3528408",
        "3528408",
        "3528879",
        "3528879"
    ],
    "d4": [
        "3528483",
        "3528483"
    ]
}