{
    "d0": [
        "3653379",
        "3653649",
        "3653379",
        "3653649",
        "3654467",
        "3654467"
    ],
    "d1": [
        "36536040",
        "36536040",
        "3654322",
        "3654322"
    ],
    "d4": [
        "36536041",
        "36536041",
        "3654215",
        "3654215",
        "3654614",
        "3654614"
    ],
    "d2": [
        "3654035",
        "3654035"
    ],
    "d3": [
        "3654260",
        "3654260",
        "3654544",
        "3654544"
    ]
}