{
    "d0": [
        "35938810",
        "35938810",
        "35947981",
        "35947981",
        "35952280",
        "35952280"
    ],
    "d2": [
        "35938811",
        "35938811",
        "3594887",
        "3594887",
        "35947980",
        "35947980",
        "35952801",
        "35952801",
        "35952800",
        "35952800"
    ],
    "d3": [
        "3594486",
        "3594486",
        "3594601",
        "3594601"
    ],
    "d4": [
        "3594980",
        "3594980",
        "35951830",
        "35951830",
        "3595370",
        "3595370"
    ],
    "d1": [
        "35951831",
        "35951831",
        "35952281",
        "35952281"
    ]
}