{
    "d1": [
        "3550361",
        "3550361",
        "3550905",
        "3550905",
        "3551197",
        "3551197"
    ],
    "d3": [
        "3550585",
        "3550585",
        "35506971",
        "35506971",
        "3551171",
        "3551171"
    ],
    "d2": [
        "3550665",
        "3550665",
        "3550719",
        "3550719",
        "3551175",
        "3551175"
    ],
    "d0": [
        "35506970",
        "35506970"
    ],
    "d4": [
        "3551067",
        "3551067"
    ]
}