{
    "d2": [
        "3676968",
        "3676968",
        "36775530",
        "36775530"
    ],
    "d1": [
        "3677031",
        "3677031",
        "3677733",
        "3677733",
        "3678132",
        "3678132"
    ],
    "d3": [
        "3677134",
        "3677134",
        "3677275",
        "36775291",
        "3677275",
        "36775291"
    ],
    "d0": [
        "36775290",
        "36775290",
        "3677698",
        "3677698"
    ],
    "d4": [
        "3678160",
        "36775531",
        "36775531",
        "3678160"
    ]
}