{
    "d3": [
        "3657625",
        "3657625",
        "3658348",
        "3658348",
        "3658841",
        "3658841"
    ],
    "d1": [
        "3657673",
        "3657673",
        "36588331",
        "36588331"
    ],
    "d2": [
        "36579231",
        "36579231",
        "36579230",
        "36579230",
        "3658691",
        "3658691",
        "3658538",
        "3658538"
    ],
    "d0": [
        "3658491",
        "3658491",
        "36588330",
        "36588330"
    ],
    "d4": [
        "3658552",
        "3658552"
    ]
}