{
    "d1": [
        "3619835",
        "3619835",
        "3620787",
        "3620787",
        "3621037",
        "3621037"
    ],
    "d2": [
        "3620082",
        "3620082",
        "3621185",
        "3620616",
        "3621185",
        "3620616"
    ],
    "d4": [
        "3620237",
        "3620237",
        "3621147",
        "3621147"
    ],
    "d3": [
        "3620653",
        "3620653",
        "36208921",
        "36208921"
    ],
    "d0": [
        "36208920",
        "36208920"
    ]
}