{
    "d2": [
        "3480072",
        "3480072",
        "3480805",
        "3480805",
        "3481107",
        "3481107"
    ],
    "d0": [
        "34801160",
        "34801160",
        "3481007",
        "3481007"
    ],
    "d1": [
        "34801161",
        "34801161",
        "3480722",
        "3480722",
        "3481061",
        "3481061"
    ],
    "d4": [
        "34805250",
        "34805250",
        "3480956",
        "3480956"
    ],
    "d3": [
        "34805251",
        "34805251",
        "3481152",
        "3481152"
    ]
}