{
    "d2": [
        "3468877",
        "3468877",
        "34697791",
        "34697791",
        "3469109",
        "3469109"
    ],
    "d1": [
        "3468968",
        "3468968",
        "3469976",
        "3469976"
    ],
    "d3": [
        "3469276",
        "3468987",
        "3469276",
        "3468987"
    ],
    "d0": [
        "3469215",
        "3469215",
        "3469485",
        "3469485"
    ],
    "d4": [
        "3469576",
        "3469576",
        "34697790",
        "34697790"
    ]
}