{
    "d0": [
        "3659574",
        "3659574",
        "3660191",
        "3660191",
        "3659928",
        "3659928"
    ],
    "d1": [
        "36603270",
        "36603270",
        "3659676",
        "3659676",
        "3660608",
        "3660608"
    ],
    "d2": [
        "3659874",
        "3659874",
        "3660738",
        "3660738"
    ],
    "d3": [
        "36603271",
        "36603271",
        "3660638",
        "3660638"
    ],
    "d4": [
        "3660407",
        "3660407"
    ]
}