{
    "d3": [
        "3527393",
        "3527393",
        "35277690",
        "35277690",
        "3528276",
        "3528276"
    ],
    "d0": [
        "35277691",
        "3528508",
        "35277691",
        "3528508",
        "3528567",
        "3528567"
    ],
    "d2": [
        "3528029",
        "3528029",
        "3528367",
        "3528367"
    ],
    "d1": [
        "3528279",
        "3528279",
        "3528682",
        "3528682"
    ],
    "d4": [
        "3528343",
        "3528343"
    ]
}