{
    "d4": [
        "34988700",
        "34988700",
        "3499524",
        "3499524",
        "3499691",
        "3499691"
    ],
    "d1": [
        "34988701",
        "34988701",
        "3499871",
        "3499871"
    ],
    "d2": [
        "3499144",
        "3499144",
        "34995280",
        "34995280"
    ],
    "d0": [
        "3499175",
        "3499175",
        "3499833",
        "3499833"
    ],
    "d3": [
        "34995281",
        "34995281",
        "3499856",
        "3499472",
        "3499856",
        "3499472"
    ]
}