{
    "d0": [
        "3444658",
        "3444658",
        "3445108",
        "3445108"
    ],
    "d2": [
        "34449280",
        "34449280",
        "3445663",
        "3445663"
    ],
    "d1": [
        "34449281",
        "34449281",
        "3445917",
        "3445917",
        "3445710",
        "3445710"
    ],
    "d3": [
        "3444977",
        "3444977",
        "3445409",
        "3445409",
        "3446001",
        "3446001"
    ],
    "d4": [
        "3445863",
        "3445863"
    ]
}