{
    "d3": [
        "3455505",
        "3455505",
        "3455765",
        "3455765",
        "34561590",
        "34561590",
        "3456548",
        "3456548"
    ],
    "d0": [
        "34561591",
        "34561591",
        "3456058",
        "3456528",
        "3456058",
        "3456528"
    ],
    "d2": [
        "3456112",
        "3456112",
        "34567131",
        "34567131"
    ],
    "d4": [
        "3456351",
        "3456351"
    ],
    "d1": [
        "3456423",
        "3456423",
        "34567130",
        "34567130"
    ]
}