{
    "d1": [
        "3636193",
        "3636193",
        "3636572",
        "3636438",
        "3636572",
        "3636438"
    ],
    "d2": [
        "3636417",
        "3636417",
        "3637194",
        "3637194",
        "3637107",
        "3637107"
    ],
    "d3": [
        "36364340",
        "36364340"
    ],
    "d4": [
        "36364341",
        "3637111",
        "36364341",
        "3637111",
        "36365910",
        "36365910",
        "36372291",
        "36372291"
    ],
    "d0": [
        "36365911",
        "36365911",
        "36372290",
        "36372290"
    ]
}