{
    "d4": [
        "36282310",
        "36282310",
        "3628771",
        "3628771"
    ],
    "d3": [
        "36282311",
        "36285921",
        "36282311",
        "3629147",
        "3629147",
        "36285921"
    ],
    "d1": [
        "3628586",
        "3629055",
        "3628586",
        "3629715",
        "3629055",
        "3629034",
        "3629715",
        "3629449",
        "3629449",
        "3629034"
    ],
    "d2": [
        "36285920",
        "36285920"
    ],
    "d0": [
        "36296951",
        "36296951",
        "36296950",
        "36296950"
    ]
}