{
    "d1": [
        "36562050",
        "36562050",
        "3656809",
        "3656809"
    ],
    "d4": [
        "36562051",
        "36562051",
        "3656438",
        "3656438",
        "3657479",
        "3657479"
    ],
    "d3": [
        "3656479",
        "3656479",
        "36571221",
        "36571221",
        "36571220",
        "36571220"
    ],
    "d2": [
        "3656717",
        "3656717",
        "3657599",
        "3657599"
    ],
    "d0": [
        "3656867",
        "3656867",
        "3657251",
        "3657251"
    ]
}