{
    "d4": [
        "3529664",
        "3529664",
        "3530450",
        "3529967",
        "3530450",
        "3529967"
    ],
    "d0": [
        "3529897",
        "3529897",
        "35304321",
        "35304321"
    ],
    "d3": [
        "3529924",
        "3529924",
        "3530044",
        "3530044",
        "35301291",
        "35301291"
    ],
    "d2": [
        "35301290",
        "35301290",
        "35304320",
        "35304320"
    ],
    "d1": [
        "3530837",
        "3530837",
        "3530984",
        "3530984"
    ]
}