{
    "d3": [
        "34189460",
        "34189460",
        "34192871",
        "34192871",
        "3419688",
        "3419442",
        "3419688",
        "3419442"
    ],
    "d1": [
        "34189461",
        "34189461",
        "34193091",
        "3419134",
        "34193091",
        "3419134"
    ],
    "d4": [
        "34192870",
        "34192870",
        "3419775",
        "3419294",
        "3419775",
        "3419294"
    ],
    "d2": [
        "34193090",
        "34193090"
    ],
    "d0": [
        "3419495",
        "3419629",
        "3419495",
        "3419629"
    ]
}