{
    "d4": [
        "3655872",
        "3655872",
        "36561650",
        "36561650",
        "3656904",
        "3656904",
        "3656976",
        "3656976"
    ],
    "d0": [
        "3656459",
        "3656459",
        "36561651",
        "36561651"
    ],
    "d3": [
        "3656515",
        "3656515"
    ],
    "d1": [
        "36573551",
        "3657285",
        "36573551",
        "3657285",
        "3656602",
        "3656602"
    ],
    "d2": [
        "3656986",
        "3656986",
        "36573550",
        "36573550"
    ]
}