{
    "d3": [
        "3650351",
        "3650351",
        "3651055",
        "3651051",
        "3651055",
        "3651129",
        "3651051",
        "3651129"
    ],
    "d1": [
        "3650501",
        "3651024",
        "3650501",
        "3651024",
        "3651148",
        "3651148"
    ],
    "d2": [
        "3650601",
        "3650601",
        "36515431",
        "36515431"
    ],
    "d0": [
        "3651135",
        "3651135"
    ],
    "d4": [
        "36515430",
        "36515430"
    ]
}