{
    "d2": [
        "3514377",
        "3514377",
        "3515655",
        "3515655"
    ],
    "d3": [
        "3514601",
        "3515068",
        "3514601",
        "3515463",
        "3515068",
        "3515463"
    ],
    "d0": [
        "35149500",
        "35149500"
    ],
    "d4": [
        "35149501",
        "3515498",
        "35149501",
        "3515574",
        "3515498",
        "3515574"
    ],
    "d1": [
        "3515111",
        "3515111",
        "3515466",
        "3515466"
    ]
}