{
    "d0": [
        "3622124",
        "3622124",
        "36232351",
        "36232351",
        "3623709",
        "3623709"
    ],
    "d2": [
        "3622290",
        "3622290",
        "36223661",
        "36223661",
        "3622416",
        "3622416"
    ],
    "d4": [
        "3622314",
        "3622314",
        "3622423",
        "3622423",
        "3623523",
        "3623523"
    ],
    "d1": [
        "36223660",
        "36223660",
        "36232350",
        "36232350"
    ],
    "d3": [
        "3623242",
        "3623242"
    ]
}