{
    "d4": [
        "36877360",
        "36877360",
        "3688714",
        "3688714",
        "3688752",
        "3688757",
        "3688752",
        "3688757"
    ],
    "d3": [
        "36877361",
        "3688213",
        "36877361",
        "3688564",
        "3688564",
        "3688213"
    ],
    "d0": [
        "3687843",
        "3687843",
        "36879910",
        "36879910"
    ],
    "d2": [
        "3687922",
        "3687922",
        "3687917",
        "3687917"
    ],
    "d1": [
        "36879911",
        "36879911"
    ]
}