{
    "d1": [
        "3452568",
        "3452659",
        "3452659",
        "3452568"
    ],
    "d3": [
        "3453073",
        "3453073",
        "3452842",
        "3453769",
        "3453769",
        "3452842"
    ],
    "d2": [
        "34531990",
        "34531990",
        "3453969",
        "3453372",
        "3453372",
        "3453969"
    ],
    "d0": [
        "34531991",
        "34531991",
        "34539781",
        "34539781",
        "3453275",
        "3453275"
    ],
    "d4": [
        "34539780",
        "34539780"
    ]
}