{
    "d3": [
        "3533899",
        "3533899",
        "3534735",
        "3534735"
    ],
    "d1": [
        "3533914",
        "3533914",
        "3534333",
        "3534333"
    ],
    "d4": [
        "3534201",
        "3534201",
        "35343810",
        "35343810",
        "35343811",
        "35343811"
    ],
    "d0": [
        "3534575",
        "3534575",
        "3534674",
        "3534674"
    ],
    "d2": [
        "3534739",
        "3534739",
        "3535013",
        "3535013"
    ]
}