{
    "d4": [
        "3594863",
        "3594863",
        "3595599",
        "3595599"
    ],
    "d1": [
        "35949100",
        "35949100",
        "3595981",
        "3595981"
    ],
    "d2": [
        "35949101",
        "3595278",
        "35949101",
        "3595278"
    ],
    "d3": [
        "3595042",
        "3595042",
        "3596006",
        "3594957",
        "3594957",
        "3596006"
    ],
    "d0": [
        "3595515",
        "3595515",
        "3596053",
        "3596053"
    ]
}