{
    "d2": [
        "3613311",
        "3613311",
        "3613979",
        "3613979",
        "3614624",
        "3614185",
        "3614624",
        "3614185"
    ],
    "d4": [
        "3613407",
        "36144631",
        "3613407",
        "36144631",
        "36144630",
        "36144630"
    ],
    "d0": [
        "3613917",
        "3613917"
    ],
    "d3": [
        "3613996",
        "3613996",
        "3614097",
        "3614097"
    ],
    "d1": [
        "3614592",
        "3614592"
    ]
}