{
    "d4": [
        "3608222",
        "3608222",
        "3609059",
        "3609059"
    ],
    "d1": [
        "3608326",
        "3608326",
        "3608768",
        "3608768",
        "3609789",
        "3609789"
    ],
    "d0": [
        "3608794",
        "3608794",
        "36096190",
        "36096190"
    ],
    "d2": [
        "3609285",
        "3609285",
        "36096191",
        "36096191"
    ],
    "d3": [
        "3609336",
        "3609336",
        "3609376",
        "3609376"
    ]
}