{
    "d2": [
        "3634357",
        "3634357",
        "36347600",
        "36347600",
        "3635030",
        "3635030"
    ],
    "d3": [
        "3634592",
        "3634592",
        "3634710",
        "3634710",
        "36350280",
        "36350280"
    ],
    "d0": [
        "36347601",
        "36347601",
        "36350281",
        "36350281",
        "3635737",
        "3635737"
    ],
    "d4": [
        "3634780",
        "3634780",
        "3635563",
        "3635563"
    ],
    "d1": [
        "3634909",
        "3634909"
    ]
}