{
    "d3": [
        "3522642",
        "3522808",
        "3522642",
        "3522808",
        "3523469",
        "3523469"
    ],
    "d1": [
        "3522989",
        "3523348",
        "3522989",
        "3523348",
        "3523447",
        "3523447"
    ],
    "d2": [
        "3523201",
        "35232541",
        "3523201",
        "35232541"
    ],
    "d0": [
        "3523229",
        "3523229",
        "3523483",
        "3523483"
    ],
    "d4": [
        "35232540",
        "35232540"
    ]
}