{
    "d2": [
        "3688159",
        "3688295",
        "3688295",
        "3688159",
        "3688752",
        "3688752"
    ],
    "d4": [
        "3688345",
        "3688345",
        "36884470",
        "36884470"
    ],
    "d0": [
        "3688695",
        "3688426",
        "3688695",
        "3688426",
        "36890830",
        "36890830"
    ],
    "d1": [
        "36884471",
        "36884471",
        "36890831",
        "36890831"
    ],
    "d3": [
        "3688867",
        "3688867",
        "3689056",
        "3689056"
    ]
}