{
    "d1": [
        "34971100",
        "34971100"
    ],
    "d4": [
        "34971101",
        "34971101",
        "3497387",
        "3497387",
        "3497627",
        "3497627"
    ],
    "d0": [
        "3497159",
        "3497159",
        "3497880",
        "3497880"
    ],
    "d2": [
        "3497239",
        "3497644",
        "3497239",
        "3497644"
    ],
    "d3": [
        "3497244",
        "3497400",
        "3497244",
        "3498015",
        "3497400",
        "3498015"
    ]
}