{
    "d4": [
        "3693448",
        "3693448",
        "3693917",
        "3693917",
        "3694250",
        "3694250"
    ],
    "d0": [
        "36935410",
        "36935410",
        "36935411",
        "36935411"
    ],
    "d2": [
        "3693589",
        "3693589",
        "3694167",
        "3694167"
    ],
    "d1": [
        "3693625",
        "3693625",
        "3694264",
        "3693879",
        "3694264",
        "3693879"
    ],
    "d3": [
        "3693875",
        "3693875"
    ]
}