{
    "d3": [
        "3543603",
        "3543603",
        "3544225",
        "3544225",
        "3544853",
        "3544853"
    ],
    "d2": [
        "3543813",
        "3543813",
        "35444610",
        "35444610"
    ],
    "d0": [
        "35438290",
        "35438290",
        "3544639",
        "3544908",
        "3544639",
        "3544908"
    ],
    "d4": [
        "35438291",
        "3544087",
        "35438291",
        "3544408",
        "3544087",
        "3544408"
    ],
    "d1": [
        "35444611",
        "35444611"
    ]
}