{
    "d1": [
        "3687101",
        "3687101",
        "3687669",
        "3687669"
    ],
    "d0": [
        "36879160",
        "36871780",
        "36879160",
        "36871780",
        "3687877",
        "3687877",
        "3688064",
        "3688064"
    ],
    "d3": [
        "36871781",
        "3687387",
        "36871781",
        "3687387",
        "3687462",
        "3687462"
    ],
    "d2": [
        "3687413",
        "3687413",
        "36879161",
        "36879161"
    ],
    "d4": [
        "3687616",
        "3687616"
    ]
}