{
    "d1": [
        "3521724",
        "3521724",
        "3522450",
        "3522450"
    ],
    "d3": [
        "3522014",
        "3522014",
        "3522524",
        "3522524",
        "3522807",
        "3522807"
    ],
    "d4": [
        "3522195",
        "3522195",
        "3522630",
        "3522630"
    ],
    "d2": [
        "3522256",
        "3522256",
        "35227600",
        "35227600",
        "35227601",
        "35227601"
    ],
    "d0": [
        "3522466",
        "3522466"
    ]
}