{
    "d0": [
        "36097230",
        "36097230",
        "3610996",
        "3610996"
    ],
    "d4": [
        "36097231",
        "36097231",
        "36108611",
        "36108611",
        "36108610",
        "36108610"
    ],
    "d1": [
        "3610955",
        "3609791",
        "3609791",
        "3610955",
        "3610951",
        "3610951"
    ],
    "d2": [
        "3609916",
        "3609916",
        "36110960",
        "36110960"
    ],
    "d3": [
        "3610249",
        "36110961",
        "3610249",
        "36110961",
        "3610761",
        "3610761"
    ]
}