{
    "d0": [
        "3670096",
        "3670140",
        "3670096",
        "3671020",
        "3670140",
        "3671071",
        "3671020",
        "3671071"
    ],
    "d1": [
        "3670289",
        "3670289",
        "3670417",
        "3670417",
        "3670943",
        "3670943"
    ],
    "d3": [
        "3670920",
        "3670920",
        "36710441",
        "36710441"
    ],
    "d4": [
        "36710440",
        "36710440"
    ],
    "d2": [
        "3671218",
        "3671218"
    ]
}