{
    "d4": [
        "3482636",
        "3482636",
        "3483529",
        "3483529"
    ],
    "d1": [
        "3483034",
        "3482649",
        "3483034",
        "3482649",
        "34837480",
        "34837480"
    ],
    "d2": [
        "3482652",
        "3482652",
        "3482689",
        "3482689"
    ],
    "d3": [
        "3482862",
        "34837481",
        "3482862",
        "34837481",
        "3483787",
        "3483787"
    ],
    "d0": [
        "3483526",
        "3483526"
    ]
}