{
    "d4": [
        "3442370",
        "3442288",
        "3442288",
        "3442370"
    ],
    "d0": [
        "3442326",
        "3442314",
        "3442314",
        "3442326",
        "34424070",
        "34424070"
    ],
    "d1": [
        "3442317",
        "3442317",
        "3442458",
        "3442458"
    ],
    "d3": [
        "3442324",
        "3442324",
        "3442395",
        "3442395"
    ],
    "d2": [
        "3442353",
        "3442353",
        "34424071",
        "34424071"
    ]
}