{
    "d4": [
        "3466785",
        "3467010",
        "3466785",
        "3467010",
        "3467464",
        "3467464",
        "3467837",
        "3467837"
    ],
    "d2": [
        "3466965",
        "3467227",
        "3466965",
        "3467227"
    ],
    "d1": [
        "34671611",
        "34671611",
        "34671610",
        "34671610"
    ],
    "d3": [
        "3467178",
        "3467178",
        "3467559",
        "3467559"
    ],
    "d0": [
        "3467719",
        "3467719"
    ]
}