{
    "d2": [
        "34556880",
        "34556880",
        "3456214",
        "3456214",
        "3456061",
        "3456061"
    ],
    "d1": [
        "34556881",
        "3456186",
        "34556881",
        "3456186",
        "3456227",
        "3456227"
    ],
    "d4": [
        "3455918",
        "3455918",
        "3455987",
        "3455987"
    ],
    "d3": [
        "3456704",
        "3456704"
    ],
    "d0": [
        "3456744",
        "3456744",
        "3456803",
        "3456803"
    ]
}