{
    "d2": [
        "3469137",
        "3469137",
        "34699981",
        "34699981",
        "3469814",
        "3469814"
    ],
    "d1": [
        "3469233",
        "3469233",
        "34699980",
        "34699980"
    ],
    "d3": [
        "3469540",
        "3469540",
        "3469842",
        "3469842"
    ],
    "d0": [
        "3469766",
        "3470078",
        "3469766",
        "3470078"
    ],
    "d4": [
        "3469774",
        "3469774",
        "3470195",
        "3470195"
    ]
}