{
    "d2": [
        "34498210",
        "34498210",
        "3450775",
        "3450775"
    ],
    "d3": [
        "34498211",
        "3450106",
        "34498211",
        "3450106"
    ],
    "d0": [
        "3449838",
        "3449838",
        "3450808",
        "3450808",
        "3450952",
        "3450952"
    ],
    "d4": [
        "3450368",
        "3450368",
        "3450917",
        "3450917"
    ],
    "d1": [
        "3450373",
        "3450373",
        "3450706",
        "3450706"
    ]
}