{
    "d1": [
        "3485573",
        "3485573",
        "34858850",
        "34858850",
        "34858851",
        "34858851"
    ],
    "d0": [
        "3485721",
        "3485721",
        "34862460",
        "34862460",
        "34862461",
        "34862461"
    ],
    "d4": [
        "3485767",
        "3485767",
        "3486302",
        "3486302"
    ],
    "d2": [
        "34858040",
        "34858040",
        "3486201",
        "3486201",
        "3486101",
        "3486101"
    ],
    "d3": [
        "34858041",
        "34858041",
        "3485954",
        "3485954"
    ]
}