{
    "d0": [
        "3600267",
        "3600267",
        "36017901",
        "3600414",
        "36017901",
        "3600414"
    ],
    "d4": [
        "3601705",
        "3601059",
        "3601705",
        "3601059"
    ],
    "d1": [
        "3601414",
        "3601294",
        "3601414",
        "3601294"
    ],
    "d3": [
        "3601435",
        "3601306",
        "3601435",
        "3601796",
        "3601306",
        "3601796"
    ],
    "d2": [
        "36017900",
        "36017900"
    ]
}