{
    "d3": [
        "36026570",
        "36026570",
        "3604165",
        "3604165"
    ],
    "d1": [
        "36026571",
        "36026571",
        "3603875",
        "3603875"
    ],
    "d4": [
        "3603520",
        "3602667",
        "3602667",
        "3603542",
        "3603520",
        "3603542"
    ],
    "d0": [
        "3603268",
        "3602705",
        "3603268",
        "3603812",
        "3602705",
        "3603812"
    ],
    "d2": [
        "3603688",
        "3603688"
    ]
}