{
    "d3": [
        "35710741",
        "35710741",
        "35710740",
        "35710740",
        "3571584",
        "3571584"
    ],
    "d1": [
        "35712490",
        "35712490",
        "35712491",
        "35712491",
        "35716300",
        "35716300"
    ],
    "d2": [
        "3571525",
        "3571525",
        "35715541",
        "35715541"
    ],
    "d0": [
        "3571542",
        "3571542",
        "3571902",
        "3571902",
        "3572312",
        "3572312"
    ],
    "d4": [
        "35716301",
        "3572321",
        "3572321",
        "35716301",
        "35715540",
        "35715540"
    ]
}