{
    "d1": [
        "3638234",
        "3638234",
        "3639218",
        "3638291",
        "3638291",
        "3639218",
        "3639445",
        "3639445",
        "36394960",
        "36394960"
    ],
    "d0": [
        "36385270",
        "36385270"
    ],
    "d2": [
        "3639105",
        "36385271",
        "3639105",
        "36385271"
    ],
    "d3": [
        "3638531",
        "3638531",
        "36394961",
        "36394961"
    ],
    "d4": [
        "3638895",
        "3638895",
        "3639273",
        "3639273"
    ]
}