{
    "d3": [
        "3534572",
        "3534572",
        "3535106",
        "3535106",
        "3535850",
        "3535850"
    ],
    "d1": [
        "3534603",
        "3534603",
        "3535194",
        "3535271",
        "3535194",
        "3535271"
    ],
    "d0": [
        "35353060",
        "35353060"
    ],
    "d4": [
        "3535859",
        "35353061",
        "35353061",
        "3535859"
    ],
    "d2": [
        "3535307",
        "3535865",
        "3535865",
        "3535307"
    ]
}