{
    "d2": [
        "3605362",
        "3605362",
        "3606553",
        "3606553"
    ],
    "d1": [
        "3605379",
        "3605379",
        "3605918",
        "3605918"
    ],
    "d0": [
        "36055340",
        "36055340",
        "36067681",
        "36067681"
    ],
    "d4": [
        "36055341",
        "3605993",
        "36055341",
        "3605993",
        "3606711",
        "3606711",
        "36067680",
        "36067680"
    ],
    "d3": [
        "3605764",
        "3606191",
        "3605764",
        "3606191"
    ]
}