{
    "d2": [
        "3460878",
        "3461686",
        "3460878",
        "3461216",
        "3461216",
        "34615221",
        "3461686",
        "34615221"
    ],
    "d4": [
        "34610740",
        "34610740",
        "3461418",
        "3461418"
    ],
    "d1": [
        "34610741",
        "34610741",
        "34615220",
        "34615220",
        "3461568",
        "3461568"
    ],
    "d3": [
        "3461544",
        "3461544",
        "3461239",
        "3461239"
    ],
    "d0": [
        "3461567",
        "3461567"
    ]
}