{
    "d0": [
        "3532458",
        "3532458",
        "3533205",
        "3533205"
    ],
    "d1": [
        "3532621",
        "3532621",
        "3533151",
        "3533151",
        "35334240",
        "35334240"
    ],
    "d2": [
        "3532870",
        "3532870",
        "3532699",
        "3532699"
    ],
    "d4": [
        "3532822",
        "3532822",
        "3533138",
        "3533138"
    ],
    "d3": [
        "3533455",
        "3533455",
        "35334241",
        "35334241"
    ]
}