{
    "d2": [
        "3423778",
        "3423778",
        "3424187",
        "3424187",
        "3424759",
        "3424759"
    ],
    "d4": [
        "3423977",
        "3423977",
        "3424591",
        "3424591"
    ],
    "d1": [
        "3424072",
        "3424072",
        "34241350",
        "34241350"
    ],
    "d3": [
        "34241351",
        "3424774",
        "34241351",
        "3424774"
    ],
    "d0": [
        "34243241",
        "34243241",
        "34243240",
        "34243240",
        "3424884",
        "3424884"
    ]
}