{
    "d3": [
        "3406003",
        "3406003",
        "3406319",
        "3406010",
        "3406319",
        "3406010"
    ],
    "d0": [
        "34060060",
        "34060060",
        "34061931",
        "3406035",
        "34061931",
        "3406035"
    ],
    "d4": [
        "34060061",
        "34060061",
        "3406450",
        "3406450",
        "34061540",
        "34061540"
    ],
    "d1": [
        "3406104",
        "3406104",
        "34061930",
        "34061930",
        "3406302",
        "3406302"
    ],
    "d2": [
        "34061541",
        "34061541"
    ]
}