{
    "d4": [
        "3512835",
        "3512999",
        "3512999",
        "3512835",
        "3513111",
        "3513111"
    ],
    "d2": [
        "3512890",
        "3512890",
        "3513427",
        "3513427"
    ],
    "d0": [
        "3512961",
        "3512961",
        "3513298",
        "3513298"
    ],
    "d3": [
        "3513144",
        "3513144",
        "35137011",
        "35137011",
        "35137010",
        "35137010"
    ],
    "d1": [
        "3513337",
        "3513337"
    ]
}