{
    "d1": [
        "35102660",
        "35102660",
        "3511073",
        "3511073",
        "35112230",
        "35112230"
    ],
    "d4": [
        "35102661",
        "35102661",
        "35107041",
        "35107041",
        "35112231",
        "35112231"
    ],
    "d0": [
        "3510364",
        "3510364",
        "3510681",
        "3510514",
        "3510681",
        "3510514"
    ],
    "d3": [
        "3510770",
        "3510770",
        "3510576",
        "3511242",
        "3510576",
        "3511242"
    ],
    "d2": [
        "35107040",
        "35107040"
    ]
}