{
    "d0": [
        "35426380",
        "35426380",
        "3543708",
        "3543708"
    ],
    "d2": [
        "35426381",
        "35426381",
        "3543656",
        "3543656"
    ],
    "d4": [
        "3542707",
        "3542707",
        "3543384",
        "3543058",
        "3543384",
        "3543058"
    ],
    "d3": [
        "3542949",
        "3542949",
        "3543689",
        "35431920",
        "3543689",
        "35431920"
    ],
    "d1": [
        "3543427",
        "35431921",
        "3543427",
        "35431921"
    ]
}